-- phpMyAdmin SQL Dump
-- version 4.0.4
-- http://www.phpmyadmin.net
--
-- Host: localhost
-- Generation Time: Nov 04, 2018 at 01:05 PM
-- Server version: 5.0.45-community-nt
-- PHP Version: 5.4.16

SET SQL_MODE = "NO_AUTO_VALUE_ON_ZERO";
SET time_zone = "+00:00";


/*!40101 SET @OLD_CHARACTER_SET_CLIENT=@@CHARACTER_SET_CLIENT */;
/*!40101 SET @OLD_CHARACTER_SET_RESULTS=@@CHARACTER_SET_RESULTS */;
/*!40101 SET @OLD_COLLATION_CONNECTION=@@COLLATION_CONNECTION */;
/*!40101 SET NAMES utf8 */;

--
-- Database: `alarm`
--
CREATE DATABASE IF NOT EXISTS `alarm` DEFAULT CHARACTER SET latin1 COLLATE latin1_swedish_ci;
USE `alarm`;

-- --------------------------------------------------------

--
-- Table structure for table `admins_sendquery`
--

CREATE TABLE IF NOT EXISTS `admins_sendquery` (
  `id` int(11) NOT NULL auto_increment,
  `sendquery` varchar(400) NOT NULL,
  `transid_id` int(11) NOT NULL,
  `name` varchar(100) NOT NULL,
  PRIMARY KEY  (`id`),
  KEY `admins_sendquery_transid_id_623c1238_fk_cyber_ale` (`transid_id`)
) ENGINE=InnoDB  DEFAULT CHARSET=latin1 AUTO_INCREMENT=16 ;

--
-- Dumping data for table `admins_sendquery`
--

INSERT INTO `admins_sendquery` (`id`, `sendquery`, `transid_id`, `name`) VALUES
(1, 'dsfgd', 124, ''),
(2, 'fghgfh', 364, ''),
(3, 'hgfjj', 518, ''),
(4, 'amount overloaded', 8, ''),
(5, 'overloaded', 8, 'sabarish'),
(6, '', 8, ''),
(7, '', 8, ''),
(8, '', 8, ''),
(9, 'CHECK YOUR AMMOUNT', 518, ''),
(10, 'CHECK YOUR AMMOUNT', 518, ''),
(11, 'LKJLHJKL', 518, ''),
(12, 'kumaran', 518, ''),
(13, 'fdgdfgdfgdfgdfgdfg', 518, 'sabarish'),
(14, 'venkat', 518, 'sabarish'),
(15, 'amount too high,check your amount details', 519, 'lokesh');

-- --------------------------------------------------------

--
-- Table structure for table `alert_giventransaction`
--

CREATE TABLE IF NOT EXISTS `alert_giventransaction` (
  `id` int(11) NOT NULL auto_increment,
  `username` varchar(50) NOT NULL,
  `aadharno` varchar(50) NOT NULL,
  `address` varchar(500) NOT NULL,
  `mobileno` varchar(50) NOT NULL,
  `bankname` varchar(50) NOT NULL,
  `accountno` varchar(50) NOT NULL,
  `branchname` varchar(50) NOT NULL,
  `amount` varchar(50) NOT NULL,
  `ifsccode` varchar(50) NOT NULL,
  `micrcode` varchar(50) NOT NULL,
  `date` varchar(50) NOT NULL,
  `time` varchar(50) NOT NULL,
  `transationid` varchar(50) NOT NULL,
  PRIMARY KEY  (`id`)
) ENGINE=InnoDB  DEFAULT CHARSET=latin1 AUTO_INCREMENT=4 ;

--
-- Dumping data for table `alert_giventransaction`
--

INSERT INTO `alert_giventransaction` (`id`, `username`, `aadharno`, `address`, `mobileno`, `bankname`, `accountno`, `branchname`, `amount`, `ifsccode`, `micrcode`, `date`, `time`, `transationid`) VALUES
(1, 'Aadhi', '4243 8749 9345', '86, Model Town, Panaji - 59108', '7815469500', 'State Bank of India\n ', '92888 402982 13880', 'Panaji', '50,000', 'STAT0065306', '575065002', '27-01-2018\n', '2.00 PM', '101'),
(2, ' Adhavan', '8739 3248 7892', '69, Teena Nagar, Trichy - 103602', '8416247264', 'Andhra Bank ', '30651 170711 05771', 'Trichy', '45,000', 'ANDH9843874', '700002021', '05-02-2018\n', '3.45 PM', '102'),
(3, ' Anbu', '2402 4919 6216', '50, Vivek Chowk, Darj- 229855', '8656423442', 'Idbi Bank', '94100 147318 64092', 'Darj', '30,000', 'IDBI0002449', '897587689', '\n05-02-2018\n', '4.00 PM', '103');

-- --------------------------------------------------------

--
-- Table structure for table `auth_group`
--

CREATE TABLE IF NOT EXISTS `auth_group` (
  `id` int(11) NOT NULL auto_increment,
  `name` varchar(80) NOT NULL,
  PRIMARY KEY  (`id`),
  UNIQUE KEY `name` (`name`)
) ENGINE=InnoDB DEFAULT CHARSET=latin1 AUTO_INCREMENT=1 ;

-- --------------------------------------------------------

--
-- Table structure for table `auth_group_permissions`
--

CREATE TABLE IF NOT EXISTS `auth_group_permissions` (
  `id` int(11) NOT NULL auto_increment,
  `group_id` int(11) NOT NULL,
  `permission_id` int(11) NOT NULL,
  PRIMARY KEY  (`id`),
  UNIQUE KEY `auth_group_permissions_group_id_permission_id_0cd325b0_uniq` (`group_id`,`permission_id`),
  KEY `auth_group_permissio_permission_id_84c5c92e_fk_auth_perm` (`permission_id`)
) ENGINE=InnoDB DEFAULT CHARSET=latin1 AUTO_INCREMENT=1 ;

-- --------------------------------------------------------

--
-- Table structure for table `auth_permission`
--

CREATE TABLE IF NOT EXISTS `auth_permission` (
  `id` int(11) NOT NULL auto_increment,
  `name` varchar(255) NOT NULL,
  `content_type_id` int(11) NOT NULL,
  `codename` varchar(100) NOT NULL,
  PRIMARY KEY  (`id`),
  UNIQUE KEY `auth_permission_content_type_id_codename_01ab375a_uniq` (`content_type_id`,`codename`)
) ENGINE=InnoDB  DEFAULT CHARSET=latin1 AUTO_INCREMENT=36 ;

--
-- Dumping data for table `auth_permission`
--

INSERT INTO `auth_permission` (`id`, `name`, `content_type_id`, `codename`) VALUES
(1, 'Can add log entry', 1, 'add_logentry'),
(2, 'Can change log entry', 1, 'change_logentry'),
(3, 'Can delete log entry', 1, 'delete_logentry'),
(4, 'Can add permission', 2, 'add_permission'),
(5, 'Can change permission', 2, 'change_permission'),
(6, 'Can delete permission', 2, 'delete_permission'),
(7, 'Can add group', 3, 'add_group'),
(8, 'Can change group', 3, 'change_group'),
(9, 'Can delete group', 3, 'delete_group'),
(10, 'Can add user', 4, 'add_user'),
(11, 'Can change user', 4, 'change_user'),
(12, 'Can delete user', 4, 'delete_user'),
(13, 'Can add content type', 5, 'add_contenttype'),
(14, 'Can change content type', 5, 'change_contenttype'),
(15, 'Can delete content type', 5, 'delete_contenttype'),
(16, 'Can add session', 6, 'add_session'),
(17, 'Can change session', 6, 'change_session'),
(18, 'Can delete session', 6, 'delete_session'),
(19, 'Can add admin register', 7, 'add_adminregister'),
(20, 'Can change admin register', 7, 'change_adminregister'),
(21, 'Can delete admin register', 7, 'delete_adminregister'),
(22, 'Can add giver transaction', 8, 'add_givertransaction'),
(23, 'Can change giver transaction', 8, 'change_givertransaction'),
(24, 'Can delete giver transaction', 8, 'delete_givertransaction'),
(25, 'Can view log entry', 1, 'view_logentry'),
(26, 'Can view permission', 2, 'view_permission'),
(27, 'Can view group', 3, 'view_group'),
(28, 'Can view user', 4, 'view_user'),
(29, 'Can view content type', 5, 'view_contenttype'),
(30, 'Can view session', 6, 'view_session'),
(31, 'Can view admin register', 7, 'view_adminregister'),
(32, 'Can view giver transaction', 8, 'view_givertransaction'),
(33, 'Can add sendquery', 9, 'add_sendquery'),
(34, 'Can change sendquery', 9, 'change_sendquery'),
(35, 'Can delete sendquery', 9, 'delete_sendquery');

-- --------------------------------------------------------

--
-- Table structure for table `auth_user`
--

CREATE TABLE IF NOT EXISTS `auth_user` (
  `id` int(11) NOT NULL auto_increment,
  `password` varchar(128) NOT NULL,
  `last_login` datetime default NULL,
  `is_superuser` tinyint(1) NOT NULL,
  `username` varchar(150) NOT NULL,
  `first_name` varchar(30) NOT NULL,
  `last_name` varchar(150) NOT NULL,
  `email` varchar(254) NOT NULL,
  `is_staff` tinyint(1) NOT NULL,
  `is_active` tinyint(1) NOT NULL,
  `date_joined` datetime NOT NULL,
  PRIMARY KEY  (`id`),
  UNIQUE KEY `username` (`username`)
) ENGINE=InnoDB DEFAULT CHARSET=latin1 AUTO_INCREMENT=1 ;

-- --------------------------------------------------------

--
-- Table structure for table `auth_user_groups`
--

CREATE TABLE IF NOT EXISTS `auth_user_groups` (
  `id` int(11) NOT NULL auto_increment,
  `user_id` int(11) NOT NULL,
  `group_id` int(11) NOT NULL,
  PRIMARY KEY  (`id`),
  UNIQUE KEY `auth_user_groups_user_id_group_id_94350c0c_uniq` (`user_id`,`group_id`),
  KEY `auth_user_groups_group_id_97559544_fk_auth_group_id` (`group_id`)
) ENGINE=InnoDB DEFAULT CHARSET=latin1 AUTO_INCREMENT=1 ;

-- --------------------------------------------------------

--
-- Table structure for table `auth_user_user_permissions`
--

CREATE TABLE IF NOT EXISTS `auth_user_user_permissions` (
  `id` int(11) NOT NULL auto_increment,
  `user_id` int(11) NOT NULL,
  `permission_id` int(11) NOT NULL,
  PRIMARY KEY  (`id`),
  UNIQUE KEY `auth_user_user_permissions_user_id_permission_id_14a6b632_uniq` (`user_id`,`permission_id`),
  KEY `auth_user_user_permi_permission_id_1fbb5f2c_fk_auth_perm` (`permission_id`)
) ENGINE=InnoDB DEFAULT CHARSET=latin1 AUTO_INCREMENT=1 ;

-- --------------------------------------------------------

--
-- Table structure for table `cyber_alert_adminregister`
--

CREATE TABLE IF NOT EXISTS `cyber_alert_adminregister` (
  `id` int(11) NOT NULL auto_increment,
  `adminid` varchar(50) NOT NULL,
  `name` varchar(100) NOT NULL,
  `email` varchar(50) NOT NULL,
  `password` varchar(50) NOT NULL,
  `phoneno` varchar(50) NOT NULL,
  `address` varchar(50) NOT NULL,
  PRIMARY KEY  (`id`)
) ENGINE=InnoDB  DEFAULT CHARSET=latin1 AUTO_INCREMENT=19 ;

--
-- Dumping data for table `cyber_alert_adminregister`
--

INSERT INTO `cyber_alert_adminregister` (`id`, `adminid`, `name`, `email`, `password`, `phoneno`, `address`) VALUES
(1, '100', ' Hafeeza ', 'Hafeeza@gmail.com', '0011', '8925503602', '52, Wahid Society, AnandGarh Nashik - 348148'),
(2, '101', 'Anbu', 'anbu@email.com', '0000', '8656423442', '50, Vivek Chowk, Darj- 229855'),
(3, '111', 'sabari', 'sabarinathan@gmail.com', '1111', '897953748', 'kjdljflkdas'),
(4, '117', 'kumar', 'kumar@gmail.com', '9999', '6767676567', 'jay nagar'),
(6, '1009', 'nathan', 'nathan@gmail.com', '88888888', '7635241223', 'jay nagar , anna salai'),
(7, '1001', 'Kumaran', 'kumaran@gmail.com', '8888888888', '6387398653', '099, Ramesh Villas Trichy - 98'),
(8, '102', 'venkat', 'venkatsabarinathan@gmail.com', 'sdfs', 'dsf', 'sf'),
(9, '109', 'akjdl', 'hi@gmil.com', '9999', '768768768', 'jahjdhfdsf'),
(10, '109', 'akjdl', 'hi@gmil.com', '9999', '768768768', 'jahjdhfdsf'),
(11, '109', 'akjdl', 'hi@gmil.com', '9999', '768768768', 'jahjdhfdsf'),
(12, '102', 'venkat', 'venkatsabarinathan@gmail.com', '3443543', '6387398653', '099, Ramesh Villas Trichy - 98'),
(13, '102', 'venkat', 'venkatsabarinathan@gmail.com', 'sdfds', '6387398653', '50, Vivek Chowk, Darj- 229855'),
(14, '102', 'venkat', 'venkatsabarinathan@gmail.com', '3443', '6387398653', 'jaynagar askok nagar'),
(15, '102', 'venkat', 'venkatsabarinathan@gmail.com', 'asdf', 'sdfs', 'dsfsd'),
(16, '456', 'sabarish', 'sabarinathan1350@gmail.com', '1997', '9789672189', 'mhg dvkjdv'),
(17, '102', 'venkat', 'venkatsabarinathan@gmail.com', '123456', '6387398653', '50, Vivek Chowk, Darj- 229855'),
(18, '1002', 'lokesh', 'lokesh@gmail.com', '7777777777', '7299326554', 'kannan street ch - 68');

-- --------------------------------------------------------

--
-- Table structure for table `cyber_alert_givertransaction`
--

CREATE TABLE IF NOT EXISTS `cyber_alert_givertransaction` (
  `id` int(11) NOT NULL auto_increment,
  `userid_id` int(11) NOT NULL,
  `name` varchar(50) NOT NULL,
  `aadharno` varchar(50) NOT NULL,
  `address` varchar(500) NOT NULL,
  `mobileno` varchar(50) NOT NULL,
  `bankname` varchar(50) NOT NULL,
  `accountno` varchar(50) NOT NULL,
  `branchname` varchar(50) NOT NULL,
  `amount` int(11) NOT NULL,
  `ifsccode` varchar(50) NOT NULL,
  `micrcode` varchar(50) NOT NULL,
  `date` varchar(50) NOT NULL,
  `day` varchar(50) NOT NULL,
  `month` varchar(50) NOT NULL,
  `year` varchar(50) NOT NULL,
  `time` varchar(50) NOT NULL,
  `transationid` varchar(50) NOT NULL,
  `countone` int(11) NOT NULL,
  PRIMARY KEY  (`id`),
  KEY `cyber_alert_givertra_userid_id_2a576597_fk_cyber_ale` (`userid_id`)
) ENGINE=InnoDB  DEFAULT CHARSET=latin1 AUTO_INCREMENT=520 ;

--
-- Dumping data for table `cyber_alert_givertransaction`
--

INSERT INTO `cyber_alert_givertransaction` (`id`, `userid_id`, `name`, `aadharno`, `address`, `mobileno`, `bankname`, `accountno`, `branchname`, `amount`, `ifsccode`, `micrcode`, `date`, `day`, `month`, `year`, `time`, `transationid`, `countone`) VALUES
(1, 1, 'Aadhi', '4243 8749 9345', '86, Model Town, Panaji - 59108', '7815469500', 'State Bank of India\n ', '92888 402982 13880', 'Panaji', 50000, 'STAT0065306', '575065002', '27-1-2018\n', 'Tuesday', '1', '2018', '2.00 PM', '1', 1),
(2, 1, ' Adhavan', '8739 3248 7892', '69, Teena Nagar, Trichy - 103602', '8416247264', 'Andhra Bank ', '30651 170711 05771', 'Trichy', 45000, 'ANDH9843874', '700002021', '05-2-2018\n', 'Wednesday', '2', '2018', '3.45 PM', '2', 1),
(3, 1, ' Anbu', '2402 4919 6216', '50, Vivek Chowk, Darj- 229855', '8656423442', 'Idbi Bank', '94100 147318 64092', 'Darj', 30000, 'IDBI0002449', '897587689', '\n05-2-2018\n', 'Thursday', '2', '2018', '4.00 PM', '3', 1),
(4, 1, ' Arul ', '1187 4132 3448', '1129, Goregaon, Rajkot - 47', '6345517454', 'Indian Bank ', '58575 110124 14959', 'Rajkot', 100000, 'INDI8784344', '176474232', '08-2-2018\n', 'Friday', '2', '2018', '6.55 PM', '4', 1),
(5, 1, ' Athiyan', '2099 3077 6569', '099, Ramesh Villas Trichy - 98', '8689496309', ' Bank of Baroda ', '47777 994744 41320', 'Trichy', 55000, 'BOBA9878878', '592350005', '14-2-2018\n', 'Saturday', '2', '2018', '12.00 AM', '5', 1),
(6, 1, ' Chaeralathan', '9706 9849 0412', '67, Darjeeling  Rajkot - 10', '9173308708', 'Bank of India', '60923 548969 04124', 'Rajkot', 120000, 'BOBI8743944', '377078685', '23-3-2018\n', 'Sunday', '6', '2018', '1.24 AM', '6', 1),
(7, 1, 'Chezhiyan', '8791 1514 2644', '78, Goregaon, Jodhpur  - 48', '6873773425', 'Bank of Maharashtra', '46063 208849 01366\n', 'Jodhpur', 350000, 'BOFM9887564', '73803293', '13-3-2018\n', 'Monday', '3', '2018', '3.00 AM', '7', 1),
(8, 1, ' Eelamaran ', '8342 7731 1033', '1009, Goregaon, Rajkot - 49', '8571513469', 'Canara Bank', '91343 245436 04179\n', 'Rajkot', 1000000, 'CBOI6437872', '417634885\n', '22-3-2018\n', 'Tuesday', '3', '2018', '9.46 PM', '8', 1),
(9, 1, 'Eelavaenthan', '5857 6766 4970', '1671, Trichy,  - 98', '8653461072', 'Central Bank of India', '86661 303002 31232\n', 'Trichy,', 325000, 'CBOI8743740', '364322548\n', '25-3-2018\n', 'Wednesday', '3', '2018', '8.98 PM', '9', 1),
(10, 1, ' Eniyan ', '4130 9187 2653', '45, Bandra, Nagpur - 503460\n', '9172560012', 'CorporationBank', '35606 945728 05290\n', 'Nagpur', 77000, 'COBA2134879', '852685516\n', '18-5-2018\n', 'Thursday', '5', '2018', '4.56 AM', '10', 1),
(11, 1, ' Geerthan', '6450 9570 6513', '17, Madhu Heights, RamPur Kanpur - 567332', '6361365168', 'Dena Bank', '30312 061116 34289', 'Kanpur', 1223000, 'DBOF1234657', '408392629\n', '05-6-2018\n\n', 'Friday', '6', '2018', '7.00 AM', '11', 1),
(12, 1, 'Nesan', '2352 4349 6661', '33, Tushar Heights, Dadar Guwahati - 468850\n', '8316581508', 'Punjab National Bank', '91351 331366 76675\n', 'Guwahati', 180000, 'PNBA6794832', '88549237', '25-6-2018\n', 'Sunday', '6', '2018', '11.23 PM', '13', 1),
(13, 1, 'Pulikesi ', '5436 7894 8749', '71, Divya Apartments, AkankshaPur Indore - 562247', '6884837982', 'Syndicate Bank', '\n8292553611498868\n', 'Indore', 90000, 'SYBK6488399', '71091266', '26-6-2018\n', 'Monday', '6', '2018', '5.35 AM', '14', 1),
(14, 1, ' Nazira', '5535 8055 7745', '087, Valligalur, Guwahati - 76', '6087281974', ' Union Bank of India\n', '70304 373165 97831', 'Guwahati', 25000, 'UBOI8539647', '930703096', '01-7-2018\n', 'Tuesday', '7', '2018', '8.07 PM', '15', 1),
(15, 1, 'Vettiselvan', '1949 6973 3019', '17, Madhu Heights, RamPur Kanpur - 567332\n', '8786285288', 'United of India', '33149 402220 81991', 'Kanpur', 65000, 'UOIK3276892', '173825268', '27-7-2018\n', 'Wednesday', '7', '2018', '9.46 AM', '16', 1),
(16, 1, ' Hafeeza ', '8149 4965 2984', '52, Wahid Society, AnandGarh Nashik - 348148\n', '8925503602', 'Punjab & Sind Bank', '13222 291810 03344', 'Nashik', 669000, 'PSBK0987439', '373960696', '24-8-2018\n', 'Thursday', '8', '2018', '2.43 PM', '17', 1),
(17, 1, ' Tamilchelvan', '4575 9432 6514', '58, Borivali, Gandhinagar - 573600\n', '8698426273', 'UCO Bank', '54057 093996 10986', 'Gandhinagar', 2500000, 'UCOK9209475', '972821312', '10-9-2018\n', 'Friday', '9', '2018', '3. 45 PM', '18', 1),
(18, 1, ' Aadhini', '3976 5234 6122', '92, Kabeer Apartments, Aditya Nagar Indore - 593876', '9052138456', 'Vijaya Bank', '94172 884127 92844', 'Indore', 590000, 'VIJB8745762', '187494522', '15-9-2018\n', 'Saturday', '9', '2018', '7.56 PM', '19', 1),
(19, 1, ' Amuthamozhi', '8297 9975 5935', '17, Madhu Heights, RamPur Kanpur - 567332\n', '7300244728', 'Axis Bank Limited', '22729 093434 56502\n', 'Kanpur', 89000, 'ABLB9897234', '806750559', '17-10-2018\n', 'Sunday', '10', '2018', '12.46 AM', '20', 1),
(20, 1, ' Farid ', '8659 7686 9003', '22, KarimGunj, Guwahati - 312551\n', '9126219575', 'Bandhan Bank Limited', '30446 068273 81810', 'Guwahati', 34000, 'BBLK8490579', '475874543', '31-10-2018\n', 'Monday', '10', '2018', '2.48 AM', '21', 1),
(21, 1, 'Thaenmozhi ', '3413 1096 6747', '88, Raju Villas, Cyber City Gandhinagar - 409940\n', '8097572177', 'Catholic Bank Limited', '09050 612666 2913', 'Cyber City', 10000, 'CBLB8765432', '983457930', '29-11-2018\n', 'Tuesday', '11', '2018', '6.11 PM', '22', 1),
(22, 1, ' Hafira', '9346 5983 3989', '18, Chandpole, New Delhi - 198431\n', '8109257486', 'City Union Bank Limited', '93158 405571 01772', 'New Delhi ', 52000, 'CUBL9423146', '233119918', '04-12-2018\n', 'Wednesday', '12', '2018', '3.30 PM', '23', 1),
(23, 1, ' Sathiya', '0716 5208 5025', '43, Churchgate, Jammu - 114012\n', '7258298309', ' DCB Bank Limited', '73281 061012 73822', 'Jammu', 786000, 'DCBB8475832', '965839295', '11-12-2018\n', 'Thursday', '12', '2018', '2.02 PM', '24', 1),
(24, 1, ' Hamsa', '6565 9309 7602', '76, Bhaagyasree Heights, KusumPur Thiruvananthapuram - 347017\n', '8371716459', ' HDFC Bank Limited', '37122 093433 36738', 'Thiruvananthapuram', 16000, 'HDFC3424547', '197911740', '15-12-2018\n', 'Friday', '12', '2018', '8.30 PM', '25', 1),
(25, 1, ' Ponmozhy', '9846 6941 4175', '19, Krishna Society, TeenaPur Darjeeling - 352083\n', '8414034805', 'ICICI Bank Limited', '96520 771316 96952', 'Darjeeling', 950000, 'ICIC7924592', '709831957', '20-1-2017\n', 'Saturday', '1', '2017', '9.51 PM', '26', 1),
(26, 1, ' Ashreen', '2316 0101 9726', '61, RitikaPur, Nashik - 411798\n', '7488067910', 'IndusInd Bank Limited\n', '77796 036357 26336', 'Nashik', 2378000, 'IBLK2349876', '98235676', '22-1-2017\n', 'Sunday', '1', '2017', '1.29 AM', '27', 1),
(27, 1, 'Saravanan', '\n9827 4805 2425', '86, Rakhi Heights, Cyber City Ahmedabad - 513752\n', '8320849252', 'Jammu & Kashmir Bank Limited\n', '35588 071014 87572', 'Ahmedabad', 66000, 'JMBL0965675', '205264307', '01-2-2017\n', 'Monday', '2', '2017', '5.12 AM', '28', 1),
(28, 1, ' Nasrina', '4403 9972 2757', '88, Andheri, Dehra Dun - 118847\n', '7247841724', 'Karnataka Bank Limited\n', '48309 991230 96549', 'Dehra', 83000, 'KBLK2132432', '558998653', '08-2-2017\n', 'Tuesday', '2', '2017', '5.12 PM', '29', 1),
(29, 1, ' Wajeeb', '8632 4163 3485', '84, Gunjan Villas, Yeshwanthpura Ratlam - 144538\n', '6546648202', 'Karur Vysya Bank Limited\n', '29801 709171 96008', 'Yeshwanthpura', 146000, 'KVBL3435467', '880795523\n\n', '18-2-2017\n', 'Wednesday', '2', '2017', '7.34 AM', '30', 1),
(30, 1, ' Anjali', '0564 6971 7350', '92, Goregaon, Hyderabad - 299893\n', '6322525285', 'Kotak Mahindra Bank Limited\n', '76684 967860 21066', 'Hyderabad', 200000, 'KMBL3487943', '9782568', '20-2-2017\n', 'Thursday', '2', '2017', '6.50 PM', '31', 1),
(31, 1, 'Ajith', '3383 5710 3724', '39, John Apartments, NazirGarh Noida - 144086\n', '7945816211', 'Lakshmi Vilas Bank Limited\n', '29708 19882 444351', 'NazirGarh', 550000, 'LVBL8765879', '138565834\n', '21-2-2017\n', 'Friday', '2', '2017', '7.00 AM', '32', 1),
(32, 1, 'Jayamravi', '7365 6833 0780', '93, Vikhroli, Nashik - 587803\n', '7006643726', 'Nainital Bank Limited\n', '15927 304578 34459', 'Nashik', 323000, 'NBLK0976547', '130018912\n', '11-3-2017\n', 'Saturday', '3', '2017', '3.02 AM', '33', 1),
(33, 1, ' Luxmi', '8536 5333 2266', '51, Charlie Villas, Taahid Nagar Jammu - 588739\n', '7965268089', 'RBL Bank Limited\n', '87099 716606 88102', 'Taahid', 99000, 'RBLB7658685', '222754424\n', '05-4-2017\n', 'Sunday', '4', '2017', '1.54 PM', '34', 1),
(34, 1, ' Dhanush', '2127 3620 7845', '54, Aruna Apartments, Rachel Nagar Surat - 396695\n', '6882473846', 'South Indian Bank Limited\n', '54254 477931 34807', 'Rachel', 15000, 'SIBL1231246', '284921738\n', '25-4-2017\n', 'Monday', '4', '2017', '5.37 PM', '35', 1),
(35, 1, ' Kamal', '3571 6818 5797', '33, Javed Society, Teena Nagar Meerut - 220969\n', '7295306751', 'Tamilnad Mercantile Bank Limited\n', '93426 784473 25209', 'Meerut', 1200000, 'TMBL9875669', '222221985', '19-5-2017\n', 'Tuesday', '5', '2017', '1.49 PM', '36', 1),
(36, 1, ' Prabhudeva ', '4899 7368 72', '87, SohailPur, Jaipur - 598397\n', '7466499073', 'YES Bank Limited\n', '28165 602743 08829', 'Jaipur', 1023000, 'YESB8756468', '244658192', '02-6-2017\n', 'Wednesday', '6', '2017', '4.44 PM', '37', 1),
(37, 1, ' Vijayakanth', '7302 7266 9448\n', '37, Mridula Heights, Harmada Simla - 483471\n', '6970647006', 'Coastal Local Area Bank Limited\n', '18250 570973 37064', 'Harmada', 630000, 'CLAB0956678', '753639079', '19-6-2017\n', 'Thursday', '6', '2017', '5.10 AM', '38', 1),
(38, 1, ' Vikram', '1451 2149 8832', '59, Smriti Chowk, Thiruvananthapuram - 412234\n', '6417320314', 'India Post Payments Bank Limited\n', '2745 2664732 79942', 'Thiruvananthapuram', 578000, 'IPPB6549878', '988161704', '09-7-2017\n', 'Friday', '7', '2017', '3.33 PM', '39', 1),
(39, 1, 'Vijay', '5071 6746 6321', '31, Cyber City, Chennai - 175981\n', '9512390400', 'Ahmedabad Mercantile Co-Op Bank Ltd. ', '94391 816300 97789', 'Chennai', 43000, 'AMCK3467898', '979718126', '09-9-2017\n', 'Saturday', '9', '2017', '1.54 PM', '40', 1),
(40, 1, ' Swathi', '1426 9759 0751', '84, Cyber City, Pune - 348089\n', '9040354801', 'NKGSB Co-operative Bank Ltd., Mumbai\n', '16224 644844 11668\n', 'Pune', 32000, 'NOBL9034567', '80943171', '10-9-2017\n', 'Sunday', '9', '2017', '4.03 PM', '41', 1),
(41, 1, 'Joseph', '7523 6515 3353', '28, Preshita Chowk, Warangal - 138077\n', '7946989519', 'Thane Bharat Sahakari Bank Ltd.\n', '40672 276592 13888\n', 'Warangal', 61000, 'TBSB7698467', '203034025', '26-9-2017\n', 'Monday', '9', '2017', '6.34 AM', '42', 1),
(42, 1, ' Vedhika', '0092 8403 5431', '30, NancyGarh, New Delhi - 304887\n', '9381974700', 'Solapur Janata Sahakari Bank Ltd.\n', '12357 48303 178381\n', 'New Delhi', 12000, 'SJSB8745697', '892707110', '27-9-2017\n', 'Tuesday', '9', '2017', '6.40 AM', '43', 1),
(43, 1, ' Nila', '4482 4717 0545', '57, Rita Chowk, Patna - 207601\n', '7941081689', 'Shamrao Vithal Co-operative Bank Ltd.\n', '98222 386964 67142', 'Patna', 100000, 'SVCO8743569', '887554283', '09-10-2017\n', 'Wednesday', '10', '2017', '3.41 AM', '44', 1),
(44, 1, ' Archana', '5122 4301 0729', '16, YasminGunj, Thiruvananthapuram - 465872\n', '6396498390', 'Shalini Bank Ltd.\n', '06160 604322 49568\n', 'Thiruvananthapuram', 390000, 'SHAL8754651', '535052558', '19-10-2017\n', 'Thursday', '10', '2017', '4.56 AM', '45', 1),
(45, 1, 'Albert', '1382 2770 8926', '47, Ajeet Society, Komal Nagar Alwar - 208110\n', '7088675216', 'TJSB Sahakari Bank\n', '59990 894960 20314\n', 'Komal', 16000, 'TJSB9806547', '654483924', '22-10-2017\n', 'Friday', '10', '2017', '2.20 PM', '46', 1),
(46, 1, ' Vivek', '9631 1195 3922', '20, HeerGunj, Bhubhaneshwar - 468085\n', '7985970966', 'The Goa State Co-operative Bank Ltd. ', '44354 516785 37947', 'Bhubhaneshwar', 400000, 'GSCK8765432', '913678738', '01-11-2017\n', 'Saturday', '11', '2017', '5.13 AM', '47', 1),
(47, 1, ' Ramya', '9641 6008 2763', '19, Chandpole, Kolkata - 527766\n', '9429837179', ' The Tamil Nadu State Apex Co-operative Bank Ltd', '28966 853543 95294', 'Kolkata', 88000, 'TNSA8975435', '875934094', '22-11-2017\n', 'Sunday', '11', '2017', '4.04 PM', '48', 1),
(48, 1, ' Bhavana', '3269 3954 8545', '47, Vikhroli, Kota - 511163\n', '7377961440', 'Jilla Sahakari Kendriya Bank Maryadit, Morena\n', '825378 06166 03030\n', 'Kota', 245000, 'JSKB7690976', '123765383', '23-11-2017\n', 'Monday', '11', '2017', '5.00PM', '49', 1),
(49, 1, ' Vadivelu', '0294 0095 6347', '71, Baalkrishan Villas, AneesGunj Guwahati - 534540\n', '7551003676', 'Indore Premier Co-operative Bank Ltd. ', '42592 376444 06710\n', 'AneesGunj', 2600000, 'IPCO9875645', '987567865', '22-12-2017\n', 'Tuesday', '12', '2017', '5.00 AM', '50', 1),
(50, 1, ' Nasrina', '4403 9972 2757', '88, Andheri, Dehra Dun - 118847\n', '7247841724', 'Karnataka Bank Limited\n', '48309 991230 96549', 'Dehra', 83000, 'KBLK2132432', '558998653', '08-2-2017\n', 'Wednesday', '2', '2017', '5.12 PM', '51', 1),
(51, 1, ' Luxmi', '8536 5333 2266', '51, Charlie Villas, Taahid Nagar Jammu - 588739\n', '7965268089', 'RBL Bank Limited\n', '87099 716606 88102', 'Taahid', 99000, 'RBLB7658685', '222754424\n', '05-4-2017\n', 'Thursday', '4', '2017', '1.54 PM', '52', 1),
(52, 1, ' Ashreen', '2316 0101 9726', '61, RitikaPur, Nashik - 411798\n', '7488067910', 'IndusInd Bank Limited\n', '77796 036357 26336', 'Nashik', 2378000, 'IBLK2349876', '98235676', '22-1-2017\n', 'Friday', '1', '2017', '1.29 AM', '53', 1),
(53, 1, ' Swathi', '1426 9759 0751', '84, Cyber City, Pune - 348089\n', '9040354801', 'NKGSB Co-operative Bank Ltd., Mumbai\n', '16224 644844 11668\n', 'Pune', 32000, 'NOBL9034567', '80943171', '10-9-2017\n', 'Saturday', '9', '2017', '4.03 PM', '54', 1),
(54, 1, ' Anjali', '0564 6971 7350', '92, Goregaon, Hyderabad - 299893\n', '6322525285', 'Kotak Mahindra Bank Limited\n', '76684 967860 21066', 'Hyderabad', 200000, 'KMBL3487943', '9782568', '20-2-2017\n', 'Sunday', '2', '2017', '6.50 PM', '55', 1),
(55, 1, ' Anbu', '2402 4919 6216', '50, Vivek Chowk, Darj- 229855', '8656423442', 'Idbi Bank', '94100 147318 64092', 'Darj', 30000, 'IDBI0002449', '897587689', '\n05-2-2018\n', 'Monday', '2', '2018', '4.00 PM', '56', 1),
(56, 1, ' Tamilchelvan', '4575 9432 6514', '58, Borivali, Gandhinagar - 573600\n', '8698426273', 'UCO Bank', '54057 093996 10986', 'Gandhinagar', 2500000, 'UCOK9209475', '972821312', '10-9-2018\n', 'Tuesday', '9', '2018', '3. 45 PM', '57', 1),
(57, 1, ' Nazira', '5535 8055 7745', '087, Valligalur, Guwahati - 76', '6087281974', ' Union Bank of India\n', '70304 373165 97831', 'Guwahati', 25000, 'UBOI8539647', '930703096', '01-7-2018\n', 'Wednesday', '7', '2018', '8.07 PM', '58', 1),
(58, 1, ' Hafeeza ', '8149 4965 2984', '52, Wahid Society, AnandGarh Nashik - 348148\n', '8925503602', 'Punjab & Sind Bank', '13222 291810 03344', 'Nashik', 669000, 'PSBK0987439', '373960696', '24-8-2018\n', 'Thursday', '8', '2018', '2.43 PM', '59', 1),
(59, 1, ' Kamal', '3571 6818 5797', '33, Javed Society, Teena Nagar Meerut - 220969\n', '7295306751', 'Tamilnad Mercantile Bank Limited\n', '93426 784473 25209', 'Meerut', 1200000, 'TMBL9875669', '222221985', '19-5-2017\n', 'Friday', '5', '2017', '1.49 PM', '60', 1),
(60, 1, ' Tamilchelvan', '4575 9432 6514', '58, Borivali, Gandhinagar - 573600\n', '8698426273', 'UCO Bank', '54057 093996 10986', 'Gandhinagar', 2500000, 'UCOK9209475', '972821312', '10-9-2018\n', 'Saturday', '9', '2018', '3. 45 PM', '61', 1),
(61, 1, ' Adhavan', '8739 3248 7892', '69, Teena Nagar, Trichy - 103602', '8416247264', 'Andhra Bank ', '30651 170711 05771', 'Trichy', 45000, 'ANDH9843874', '700002021', '05-2-2018\n', 'Sunday', '2', '2018', '3.45 PM', '62', 1),
(62, 1, 'Albert', '1382 2770 8926', '47, Ajeet Society, Komal Nagar Alwar - 208110\n', '7088675216', 'TJSB Sahakari Bank\n', '59990 894960 20314\n', 'Komal', 16000, 'TJSB9806547', '654483924', '22-10-2017\n', 'Monday', '10', '2017', '2.20 PM', '63', 1),
(63, 1, ' Luxmi', '8536 5333 2266', '51, Charlie Villas, Taahid Nagar Jammu - 588739\n', '7965268089', 'RBL Bank Limited\n', '87099 716606 88102', 'Taahid', 99000, 'RBLB7658685', '222754424\n', '05-4-2017\n', 'Tuesday', '4', '2017', '1.54 PM', '64', 1),
(64, 1, ' Ramya', '9641 6008 2763', '19, Chandpole, Kolkata - 527766\n', '9429837179', ' The Tamil Nadu State Apex Co-operative Bank Ltd', '28966 853543 95294', 'Kolkata', 88000, 'TNSA8975435', '875934094', '22-11-2017\n', 'Wednesday', '11', '2017', '4.04 PM', '65', 1),
(65, 1, ' Anbu', '2402 4919 6216', '50, Vivek Chowk, Darj- 229855', '8656423442', 'Idbi Bank', '94100 147318 64092', 'Darj', 30000, 'IDBI0002449', '897587689', '\n05-2-2018\n', 'Thursday', '2', '2018', '4.00 PM', '66', 1),
(66, 1, ' Wajeeb', '8632 4163 3485', '84, Gunjan Villas, Yeshwanthpura Ratlam - 144538\n', '6546648202', 'Karur Vysya Bank Limited\n', '29801 709171 96008', 'Yeshwanthpura', 146000, 'KVBL3435467', '880795523\n\n', '18-2-2017\n', 'Friday', '2', '2017', '7.34 AM', '67', 1),
(67, 1, ' Hafeeza ', '8149 4965 2984', '52, Wahid Society, AnandGarh Nashik - 348148\n', '8925503602', 'Punjab & Sind Bank', '13222 291810 03344', 'Nashik', 669000, 'PSBK0987439', '373960696', '24-8-2018\n', 'Saturday', '8', '2018', '2.43 PM', '68', 1),
(68, 1, ' Anjali', '0564 6971 7350', '92, Goregaon, Hyderabad - 299893\n', '6322525285', 'Kotak Mahindra Bank Limited\n', '76684 967860 21066', 'Hyderabad', 200000, 'KMBL3487943', '9782568', '20-2-2017\n', 'Sunday', '2', '2017', '6.50 PM', '69', 1),
(69, 1, ' Nazira', '5535 8055 7745', '087, Valligalur, Guwahati - 76', '6087281974', ' Union Bank of India\n', '70304 373165 97831', 'Guwahati', 25000, 'UBOI8539647', '930703096', '01-7-2018\n', 'Monday', '7', '2018', '8.07 PM', '70', 1),
(70, 1, 'Aadhi', '4243 8749 9345', '86, Model Town, Panaji - 59108', '7815469500', 'State Bank of India\n ', '92888 402982 13880', 'Panaji', 50000, 'STAT0065306', '575065002', '27-1-2018\n', 'Tuesday', '1', '2018', '2.00 PM', '71', 1),
(71, 1, ' Farid ', '8659 7686 9003', '22, KarimGunj, Guwahati - 312551\n', '9126219575', 'Bandhan Bank Limited', '30446 068273 81810', 'Guwahati', 34000, 'BBLK8490579', '475874543', '31-10-2018\n', 'Wednesday', '10', '2018', '2.48 AM', '72', 1),
(72, 1, ' Tamilchelvan', '4575 9432 6514', '58, Borivali, Gandhinagar - 573600\n', '8698426273', 'UCO Bank', '54057 093996 10986', 'Gandhinagar', 2500000, 'UCOK9209475', '972821312', '10-9-2018\n', 'Thursday', '9', '2018', '3. 45 PM', '73', 1),
(73, 1, 'Nesan', '2352 4349 6661', '33, Tushar Heights, Dadar Guwahati - 468850\n', '8316581508', 'Punjab National Bank', '91351 331366 76675\n', 'Guwahati', 180000, 'PNBA6794832', '88549237', '25-6-2018\n', 'Friday', '6', '2018', '11.23 PM', '74', 1),
(74, 1, ' Adhavan', '8739 3248 7892', '69, Teena Nagar, Trichy - 103602', '8416247264', 'Andhra Bank ', '30651 170711 05771', 'Trichy', 45000, 'ANDH9843874', '700002021', '05-2-2018\n', 'Saturday', '2', '2018', '3.45 PM', '75', 1),
(75, 1, ' Ramya', '9641 6008 2763', '19, Chandpole, Kolkata - 527766\n', '9429837179', ' The Tamil Nadu State Apex Co-operative Bank Ltd', '28966 853543 95294', 'Kolkata', 88000, 'TNSA8975435', '875934094', '22-11-2017\n', 'Sunday', '11', '2018', '4.04 PM', '76', 1),
(76, 1, ' Hamsa', '6565 9309 7602', '76, Bhaagyasree Heights, KusumPur Thiruvananthapuram - 347017\n', '8371716459', ' HDFC Bank Limited', '37122 093433 36738', 'Thiruvananthapuram', 16000, 'HDFC3424547', '197911740', '15-12-2018\n', 'Monday', '12', '2018', '8.30 PM', '77', 1),
(77, 1, 'Vijay', '5071 6746 6321', '31, Cyber City, Chennai - 175981\n', '9512390400', 'Ahmedabad Mercantile Co-Op Bank Ltd. ', '94391 816300 97789', 'Chennai', 43000, 'AMCK3467898', '979718126', '09-9-2017\n', 'Tuesday', '9', '2018', '1.54 PM', '78', 1),
(78, 1, ' Anbu', '2402 4919 6216', '50, Vivek Chowk, Darj- 229855', '8656423442', 'Idbi Bank', '94100 147318 64092', 'Darj', 30000, 'IDBI0002449', '897587689', '\n05-2-2018\n', 'Wednesday', '2', '2018', '4.00 PM', '79', 1),
(79, 1, ' Sathiya', '0716 5208 5025', '43, Churchgate, Jammu - 114012\n', '7258298309', ' DCB Bank Limited', '73281 061012 73822', 'Jammu', 786000, 'DCBB8475832', '965839295', '11-12-2018\n', 'Thursday', '12', '2018', '2.02 PM', '80', 1),
(80, 1, ' Archana', '5122 4301 0729', '16, YasminGunj, Thiruvananthapuram - 465872\n', '6396498390', 'Shalini Bank Ltd.\n', '06160 604322 49568\n', 'Thiruvananthapuram', 390000, 'SHAL8754651', '535052558', '19-10-2017\n', 'Friday', '10', '2017', '4.56 AM', '81', 1),
(81, 1, ' Anbu', '2402 4919 6216', '50, Vivek Chowk, Darj- 229855', '8656423442', 'Idbi Bank', '94100 147318 64092', 'Darj', 30000, 'IDBI0002449', '897587689', '\n05-2-2018\n', 'Saturday', '2', '2018', '4.00 PM', '82', 1),
(82, 1, ' Archana', '5122 4301 0729', '16, YasminGunj, Thiruvananthapuram - 465872\n', '6396498390', 'Shalini Bank Ltd.\n', '06160 604322 49568\n', 'Thiruvananthapuram', 390000, 'SHAL8754651', '535052558', '19-10-2017\n', 'Sunday', '10', '2017', '4.56 AM', '83', 1),
(83, 1, 'Aadhi', '4243 8749 9345', '86, Model Town, Panaji - 59108', '7815469500', 'State Bank of India\n ', '92888 402982 13880', 'Panaji', 50000, 'STAT0065306', '575065002', '27-1-2018\n', 'Monday', '1', '2018', '2.00 PM', '84', 1),
(84, 1, 'Thaenmozhi ', '3413 1096 6747', '88, Raju Villas, Cyber City Gandhinagar - 409940\n', '8097572177', 'Catholic Bank Limited', '09050 612666 2913', 'Cyber City', 10000, 'CBLB8765432', '983457930', '29-11-2018\n', 'Tuesday', '11', '2018', '6.11 PM', '85', 1),
(85, 1, ' Nazira', '5535 8055 7745', '087, Valligalur, Guwahati - 76', '6087281974', ' Union Bank of India\n', '70304 373165 97831', 'Guwahati', 25000, 'UBOI8539647', '930703096', '01-7-2018\n', 'Wednesday', '7', '2018', '8.07 PM', '86', 1),
(86, 1, ' Vadivelu', '0294 0095 6347', '71, Baalkrishan Villas, AneesGunj Guwahati - 534540\n', '7551003676', 'Indore Premier Co-operative Bank Ltd. ', '42592 376444 06710\n', 'AneesGunj', 2600000, 'IPCO9875645', '987567865', '22-12-2017\n', 'Thursday', '12', '2017', '5.00 AM', '87', 1),
(87, 1, ' Tamilchelvan', '4575 9432 6514', '58, Borivali, Gandhinagar - 573600\n', '8698426273', 'UCO Bank', '54057 093996 10986', 'Gandhinagar', 2500000, 'UCOK9209475', '972821312', '10-9-2018\n', 'Friday', '9', '2018', '3. 45 PM', '88', 1),
(88, 1, ' Chaeralathan', '9706 9849 0412', '67, Darjeeling  Rajkot - 10', '9173308708', 'Bank of India', '60923 548969 04124', 'Rajkot', 120000, 'BOBI8743944', '377078685', '23-3-2018\n', 'Saturday', '3', '2018', '1.24 AM', '89', 1),
(89, 1, ' Adhavan', '8739 3248 7892', '69, Teena Nagar, Trichy - 103602', '8416247264', 'Andhra Bank ', '30651 170711 05771', 'Trichy', 45000, 'ANDH9843874', '700002021', '05-2-2018\n', 'Sunday', '2', '2018', '3.45 PM', '90', 1),
(90, 1, ' Ramya', '9641 6008 2763', '19, Chandpole, Kolkata - 527766\n', '9429837179', ' The Tamil Nadu State Apex Co-operative Bank Ltd', '28966 853543 95294', 'Kolkata', 88000, 'TNSA8975435', '875934094', '22-11-2017\n', 'Monday', '11', '2017', '4.04 PM', '91', 1),
(91, 1, ' Hamsa', '6565 9309 7602', '76, Bhaagyasree Heights, KusumPur Thiruvananthapuram - 347017\n', '8371716459', ' HDFC Bank Limited', '37122 093433 36738', 'Thiruvananthapuram', 16000, 'HDFC3424547', '197911740', '15-12-2018\n', 'Tuesday', '12', '2018', '8.30 PM', '92', 1),
(92, 1, 'Aadhi', '4243 8749 9345', '86, Model Town, Panaji - 59108', '7815469500', 'State Bank of India\n ', '92888 402982 13880', 'Panaji', 50000, 'STAT0065306', '575065002', '27-1-2018\n', 'Wednesday', '1', '2018', '2.00 PM', '93', 1),
(93, 1, 'Vettiselvan', '1949 6973 3019', '17, Madhu Heights, RamPur Kanpur - 567332\n', '8786285288', 'United of India', '33149 402220 81991', 'Kanpur', 65000, 'UOIK3276892', '173825268', '27-7-2018\n', 'Thursday', '7', '2018', '9.46 AM', '94', 1),
(94, 1, ' Sathiya', '0716 5208 5025', '43, Churchgate, Jammu - 114012\n', '7258298309', ' DCB Bank Limited', '73281 061012 73822', 'Jammu', 786000, 'DCBB8475832', '965839295', '11-12-2018\n', 'Friday', '12', '2018', '2.02 PM', '95', 1),
(95, 1, ' Hafeeza ', '8149 4965 2984', '52, Wahid Society, AnandGarh Nashik - 348148\n', '8925503602', 'Punjab & Sind Bank', '13222 291810 03344', 'Nashik', 669000, 'PSBK0987439', '373960696', '24-8-2018\n', 'Saturday', '8', '2018', '2.43 PM', '96', 1),
(96, 1, ' Amuthamozhi', '8297 9975 5935', '17, Madhu Heights, RamPur Kanpur - 567332\n', '7300244728', 'Axis Bank Limited', '22729 093434 56502\n', 'Kanpur', 89000, 'ABLB9897234', '806750559', '17-10-2018\n', 'Sunday', '10', '2018', '12.46 AM', '97', 1),
(97, 1, ' Anbu', '2402 4919 6216', '50, Vivek Chowk, Darj- 229855', '8656423442', 'Idbi Bank', '94100 147318 64092', 'Darj', 30000, 'IDBI0002449', '897587689', '\n05-2-2018\n', 'Monday', '2', '2018', '4.00 PM', '98', 1),
(98, 1, 'Albert', '1382 2770 8926', '47, Ajeet Society, Komal Nagar Alwar - 208110\n', '7088675216', 'TJSB Sahakari Bank\n', '59990 894960 20314\n', 'Komal', 16000, 'TJSB9806547', '654483924', '22-10-2017\n', 'Tuesday', '10', '2018', '2.20 PM', '99', 1),
(99, 1, ' Hafeeza ', '8149 4965 2984', '52, Wahid Society, AnandGarh Nashik - 348148\n', '8925503602', 'Punjab & Sind Bank', '13222 291810 03344', 'Nashik', 669000, 'PSBK0987439', '373960696', '24-8-2018\n', 'Wednesday', '8', '2018', '2.43 PM', '100', 1),
(100, 1, ' Adhavan', '8739 3248 7892', '69, Teena Nagar, Trichy - 103602', '8416247264', 'Andhra Bank ', '30651 170711 05771', 'Trichy', 45000, 'ANDH9843874', '700002021', '05-2-2018\n', 'Thursday', '2', '2018', '3.45 PM', '101', 1),
(101, 1, ' Chaeralathan', '9706 9849 0412', '67, Darjeeling  Rajkot - 10', '9173308708', 'Bank of India', '60923 548969 04124', 'Rajkot', 120000, 'BOBI8743944', '377078685', '23-3-2018\n', 'Friday', '3', '2018', '1.24 AM', '102', 1),
(102, 1, ' Eniyan ', '4130 9187 2653', '45, Bandra, Nagpur - 503460\n', '9172560012', 'CorporationBank', '35606 945728 05290\n', 'Nagpur', 77000, 'COBA2134879', '852685516\n', '18-5-2018\n', 'Saturday', '5', '2018', '4.56 AM', '103', 1),
(103, 1, ' Dhanush', '2127 3620 7845', '54, Aruna Apartments, Rachel Nagar Surat - 396695\n', '6882473846', 'South Indian Bank Limited\n', '54254 477931 34807', 'Rachel', 15000, 'SIBL1231246', '284921738\n', '25-4-2017\n', 'Sunday', '4', '2017', '5.37 PM', '104', 1),
(104, 1, ' Vadivelu', '0294 0095 6347', '71, Baalkrishan Villas, AneesGunj Guwahati - 534540\n', '7551003676', 'Indore Premier Co-operative Bank Ltd. ', '42592 376444 06710\n', 'AneesGunj', 2500000, 'IPCO9875645', '987567865', '22-12-2017\n', 'Monday', '12', '2017', '5.00 AM', '105', 1),
(105, 1, ' Tamilchelvan', '4575 9432 6514', '58, Borivali, Gandhinagar - 573600\n', '8698426273', 'UCO Bank', '54057 093996 10986', 'Gandhinagar', 2500000, 'UCOK9209475', '972821312', '10-9-2018\n', 'Tuesday', '9', '2018', '3. 45 PM', '106', 1),
(106, 1, ' Sathiya', '0716 5208 5025', '43, Churchgate, Jammu - 114012\n', '7258298309', ' DCB Bank Limited', '73281 061012 73822', 'Jammu', 786000, 'DCBB8475832', '965839295', '11-12-2018\n', 'Wednesday', '12', '2018', '2.02 PM', '107', 1),
(107, 1, 'Aadhi', '4243 8749 9345', '86, Model Town, Panaji - 59108', '7815469500', 'State Bank of India\n ', '92888 402982 13880', 'Panaji', 50000, 'STAT0065306', '575065002', '27-1-2018\n', 'Thursday', '1', '2018', '2.00 PM', '108', 1),
(108, 1, ' Vijayakanth', '7302 7266 9448\n', '37, Mridula Heights, Harmada Simla - 483471\n', '6970647006', 'Coastal Local Area Bank Limited\n', '18250 570973 37064', 'Harmada', 630000, 'CLAB0956678', '753639079', '19-6-2017\n', 'Friday', '6', '2017', '5.10 AM', '109', 1),
(109, 1, ' Hamsa', '6565 9309 7602', '76, Bhaagyasree Heights, KusumPur Thiruvananthapuram - 347017\n', '8371716459', ' HDFC Bank Limited', '37122 093433 36738', 'Thiruvananthapuram', 16000, 'HDFC3424547', '197911740', '15-12-2018\n', 'Saturday', '12', '2018', '8.30 PM', '110', 1),
(110, 1, ' Swathi', '1426 9759 0751', '84, Cyber City, Pune - 348089\n', '9040354801', 'NKGSB Co-operative Bank Ltd., Mumbai\n', '16224 644844 11668\n', 'Pune', 32000, 'NOBL9034567', '80943171', '10-9-2017\n', 'Sunday', '9', '', '4.03 PM', '111', 1),
(111, 1, 'Vijay', '5071 6746 6321', '31, Cyber City, Chennai - 175981\n', '9512390400', 'Ahmedabad Mercantile Co-Op Bank Ltd. ', '94391 816300 97789', 'Chennai', 43000, 'AMCK3467898', '979718126', '09-9-2017\n', 'Monday', '9', '2017', '1.54 PM', '112', 1),
(112, 1, ' Anbu', '2402 4919 6216', '50, Vivek Chowk, Darj- 229855', '8656423442', 'Idbi Bank', '94100 147318 64092', 'Darj', 30000, 'IDBI0002449', '897587689', '\n05-2-2018\n', 'Tuesday', '2', '2018', '4.00 PM', '113', 1),
(113, 1, ' Hafeeza ', '8149 4965 2984', '52, Wahid Society, AnandGarh Nashik - 348148\n', '8925503602', 'Punjab & Sind Bank', '13222 291810 03344', 'Nashik', 669000, 'PSBK0987439', '373960696', '24-8-2018\n', 'Wednesday', '8', '2018', '2.43 PM', '114', 1),
(114, 1, ' Nasrina', '4403 9972 2757', '88, Andheri, Dehra Dun - 118847\n', '7247841724', 'Karnataka Bank Limited\n', '48309 991230 96549', 'Dehra', 83000, 'KBLK2132432', '558998653', '08-2-2017\n', 'Thursday', '2', '2017', '5.12 PM', '115', 1),
(115, 1, ' Amuthamozhi', '8297 9975 5935', '17, Madhu Heights, RamPur Kanpur - 567332\n', '7300244728', 'Axis Bank Limited', '22729 093434 56502\n', 'Kanpur', 89000, 'ABLB9897234', '806750559', '17-10-2018\n', 'Friday', '10', '2018', '12.46 AM', '116', 1),
(116, 1, 'Jayamravi', '7365 6833 0780', '93, Vikhroli, Nashik - 587803\n', '7006643726', 'Nainital Bank Limited\n', '15927 304578 34459', 'Nashik', 323000, 'NBLK0976547', '130018912\n', '11-3-2017\n', 'Saturday', '3', '2017', '3.02 AM', '117', 1),
(117, 1, ' Tamilchelvan', '4575 9432 6514', '58, Borivali, Gandhinagar - 573600\n', '8698426273', 'UCO Bank', '54057 093996 10986', 'Gandhinagar', 2500000, 'UCOK9209475', '972821312', '10-9-2018\n', 'Sunday', '9', '2018', '3. 45 PM', '118', 1),
(118, 1, ' Dhanush', '2127 3620 7845', '54, Aruna Apartments, Rachel Nagar Surat - 396695\n', '6882473846', 'South Indian Bank Limited\n', '54254 477931 34807', 'Rachel', 15000, 'SIBL1231246', '284921738\n', '25-4-2017\n', 'Monday', '4', '2017', '5.37 PM', '119', 1),
(119, 1, 'Aadhi', '4243 8749 9345', '86, Model Town, Panaji - 59108', '7815469500', 'State Bank of India\n ', '92888 402982 13880', 'Panaji', 50000, 'STAT0065306', '575065002', '27-1-2018\n', 'Tuesday', '1', '2018', '2.00 PM', '120', 1),
(120, 1, 'Albert', '1382 2770 8926', '47, Ajeet Society, Komal Nagar Alwar - 208110\n', '7088675216', 'TJSB Sahakari Bank\n', '59990 894960 20314\n', 'Komal', 16000, 'TJSB9806547', '654483924', '22-10-2017\n', 'Wednesday', '10', '2017', '2.20 PM', '121', 1),
(121, 1, ' Anbu', '2402 4919 6216', '50, Vivek Chowk, Darj- 229855', '8656423442', 'Idbi Bank', '94100 147318 64092', 'Darj', 30000, 'IDBI0002449', '897587689', '\n05-2-2018\n', 'Thursday', '2', '2018', '4.00 PM', '122', 1),
(122, 1, ' Bhavana', '3269 3954 8545', '47, Vikhroli, Kota - 511163\n', '7377961440', 'Jilla Sahakari Kendriya Bank Maryadit, Morena\n', '825378 06166 03030\n', 'Kota', 245000, 'JSKB7690976', '123765383', '23-11-2017\n', 'Friday', '11', '2017', '5.00PM', '123', 1),
(123, 1, ' Ramya', '9641 6008 2763', '19, Chandpole, Kolkata - 527766\n', '9429837179', ' The Tamil Nadu State Apex Co-operative Bank Ltd', '28966 853543 95294', 'Kolkata', 88000, 'TNSA8975435', '875934094', '22-11-2017\n', 'Saturday', '11', '2017', '4.04 PM', '124', 1),
(124, 1, ' Sathiya', '0716 5208 5025', '43, Churchgate, Jammu - 114012\n', '7258298309', ' DCB Bank Limited', '73281 061012 73822', 'Jammu', 786000, 'DCBB8475832', '965839295', '11-12-2018\n', 'Sunday', '12', '2018', '2.02 PM', '125', 1),
(125, 1, ' Eniyan ', '4130 9187 2653', '45, Bandra, Nagpur - 503460\n', '9172560012', 'CorporationBank', '35606 945728 05290\n', 'Nagpur', 77000, 'COBA2134879', '852685516\n', '18-5-2018\n', 'Monday', '5', '2018', '4.56 AM', '126', 1),
(126, 1, ' Hafeeza ', '8149 4965 2984', '52, Wahid Society, AnandGarh Nashik - 348148\n', '8925503602', 'Punjab & Sind Bank', '13222 291810 03344', 'Nashik', 669000, 'PSBK0987439', '373960696', '24-8-2018\n', 'Tuesday', '8', '2018', '2.43 PM', '127', 1),
(127, 1, ' Vijayakanth', '7302 7266 9448\n', '37, Mridula Heights, Harmada Simla - 483471\n', '6970647006', 'Coastal Local Area Bank Limited\n', '18250 570973 37064', 'Harmada', 630000, 'CLAB0956678', '753639079', '19-6-2017\n', 'Wednesday', '6', '2017', '5.10 AM', '128', 1),
(128, 1, 'Aadhi', '4243 8749 9345', '86, Model Town, Panaji - 59108', '7815469500', 'State Bank of India\n ', '92888 402982 13880', 'Panaji', 50000, 'STAT0065306', '575065002', '27-1-2018\n', 'Thursday', '1', '2018', '2.00 PM', '129', 1),
(129, 1, 'Vijay', '5071 6746 6321', '31, Cyber City, Chennai - 175981\n', '9512390400', 'Ahmedabad Mercantile Co-Op Bank Ltd. ', '94391 816300 97789', 'Chennai', 43000, 'AMCK3467898', '979718126', '09-9-2017\n', 'Friday', '9', '2017', '1.54 PM', '130', 1),
(130, 1, ' Tamilchelvan', '4575 9432 6514', '58, Borivali, Gandhinagar - 573600\n', '8698426273', 'UCO Bank', '54057 093996 10986', 'Gandhinagar', 2500000, 'UCOK9209475', '972821312', '10-9-2018\n', 'Saturday', '9', '2018', '3. 45 PM', '131', 1),
(131, 1, ' Anbu', '2402 4919 6216', '50, Vivek Chowk, Darj- 229855', '8656423442', 'Idbi Bank', '94100 147318 64092', 'Darj', 30000, 'IDBI0002449', '897587689', '\n05-2-2018\n', 'Sunday', '2', '2018', '4.00 PM', '132', 1),
(132, 1, ' Hafira', '9346 5983 3989', '18, Chandpole, New Delhi - 198431\n', '8109257486', 'City Union Bank Limited', '93158 405571 01772', 'New Delhi ', 52000, 'CUBL9423146', '233119918', '04-12-2018\n', 'Monday', '12', '2018', '3.30 PM', '133', 1),
(133, 1, 'Vettiselvan', '1949 6973 3019', '17, Madhu Heights, RamPur Kanpur - 567332\n', '8786285288', 'United of India', '33149 402220 81991', 'Kanpur', 65000, 'UOIK3276892', '173825268', '27-7-2018\n', 'Tuesday', '7', '2018', '9.46 AM', '134', 1),
(134, 1, ' Chaeralathan', '9706 9849 0412', '67, Darjeeling  Rajkot - 10', '9173308708', 'Bank of India', '60923 548969 04124', 'Rajkot', 120000, 'BOBI8743944', '377078685', '23-3-2018\n', 'Wednesday', '3', '2018', '1.24 AM', '135', 1),
(135, 1, 'Jayamravi', '7365 6833 0780', '93, Vikhroli, Nashik - 587803\n', '7006643726', 'Nainital Bank Limited\n', '15927 304578 34459', 'Nashik', 323000, 'NBLK0976547', '130018912\n', '11-3-2017\n', 'Thursday', '3', '2017', '3.02 AM', '136', 1),
(136, 1, ' Nazira', '5535 8055 7745', '087, Valligalur, Guwahati - 76', '6087281974', ' Union Bank of India\n', '70304 373165 97831', 'Guwahati', 25000, 'UBOI8539647', '930703096', '01-7-2018\n', 'Friday', '7', '2018', '8.07 PM', '137', 1),
(137, 1, 'Aadhi', '4243 8749 9345', '86, Model Town, Panaji - 59108', '7815469500', 'State Bank of India\n ', '92888 402982 13880', 'Panaji', 50000, 'STAT0065306', '575065002', '27-1-2018\n', 'Saturday', '1', '2018', '2.00 PM', '138', 1),
(138, 1, 'Albert', '1382 2770 8926', '47, Ajeet Society, Komal Nagar Alwar - 208110\n', '7088675216', 'TJSB Sahakari Bank\n', '59990 894960 20314\n', 'Komal', 16000, 'TJSB9806547', '654483924', '22-10-2017\n', 'Sunday', '10', '2017', '2.20 PM', '139', 1),
(139, 1, 'Jayamravi', '7365 6833 0780', '93, Vikhroli, Nashik - 587803\n', '7006643726', 'Nainital Bank Limited\n', '15927 304578 34459', 'Nashik', 323000, 'NBLK0976547', '130018912\n', '11-3-2017\n', 'Monday', '3', '2017', '3.02 AM', '140', 1),
(140, 1, ' Hafeeza ', '8149 4965 2984', '52, Wahid Society, AnandGarh Nashik - 348148\n', '8925503602', 'Punjab & Sind Bank', '13222 291810 03344', 'Nashik', 669000, 'PSBK0987439', '373960696', '24-8-2018\n', 'Tuesday', '8', '2018', '2.43 PM', '141', 1),
(141, 1, ' Adhavan', '8739 3248 7892', '69, Teena Nagar, Trichy - 103602', '8416247264', 'Andhra Bank ', '30651 170711 05771', 'Trichy', 45000, 'ANDH9843874', '700002021', '05-2-2018\n', 'Wednesday', '2', '2018', '3.45 PM', '142', 1),
(142, 1, ' Tamilchelvan', '4575 9432 6514', '58, Borivali, Gandhinagar - 573600\n', '8698426273', 'UCO Bank', '54057 093996 10986', 'Gandhinagar', 2500000, 'UCOK9209475', '972821312', '10-9-2018\n', 'Thursday', '9', '2018', '3. 45 PM', '143', 1),
(143, 1, ' Hafeeza ', '8149 4965 2984', '52, Wahid Society, AnandGarh Nashik - 348148\n', '8925503602', 'Punjab & Sind Bank', '13222 291810 03344', 'Nashik', 669000, 'PSBK0987439', '373960696', '24-8-2018\n', 'Friday', '8', '2018', '2.43 PM', '144', 1),
(144, 1, ' Anbu', '2402 4919 6216', '50, Vivek Chowk, Darj- 229855', '8656423442', 'Idbi Bank', '94100 147318 64092', 'Darj', 30000, 'IDBI0002449', '897587689', '\n05-2-2018\n', 'Saturday', '2', '2018', '4.00 PM', '145', 1),
(145, 1, ' Eniyan ', '4130 9187 2653', '45, Bandra, Nagpur - 503460\n', '9172560012', 'CorporationBank', '35606 945728 05290\n', 'Nagpur', 77000, 'COBA2134879', '852685516\n', '18-5-2018\n', 'Sunday', '5', '2018', '4.56 AM', '146', 1),
(146, 1, ' Ashreen', '2316 0101 9726', '61, RitikaPur, Nashik - 411798\n', '7488067910', 'IndusInd Bank Limited\n', '77796 036357 26336', 'Nashik', 2378000, 'IBLK2349876', '98235676', '22-1-2017\n', 'Monday', '1', '2017', '1.29 AM', '147', 1),
(147, 1, ' Amuthamozhi', '8297 9975 5935', '17, Madhu Heights, RamPur Kanpur - 567332\n', '7300244728', 'Axis Bank Limited', '22729 093434 56502\n', 'Kanpur', 89000, 'ABLB9897234', '806750559', '17-10-2018\n', 'Tuesday', '10', '2018', '12.46 AM', '148', 1),
(148, 1, 'Vijay', '5071 6746 6321', '31, Cyber City, Chennai - 175981\n', '9512390400', 'Ahmedabad Mercantile Co-Op Bank Ltd. ', '94391 816300 97789', 'Chennai', 43000, 'AMCK3467898', '979718126', '09-9-2017\n', 'Wednesday', '9', '2017', '1.54 PM', '149', 1),
(149, 1, 'Aadhi', '4243 8749 9345', '86, Model Town, Panaji - 59108', '7815469500', 'State Bank of India\n ', '92888 402982 13880', 'Panaji', 50000, 'STAT0065306', '575065002', '27-1-2018\n', 'Thursday', '1', '2018', '2.00 PM', '150', 1),
(150, 1, 'Albert', '1382 2770 8926', '47, Ajeet Society, Komal Nagar Alwar - 208110\n', '7088675216', 'TJSB Sahakari Bank\n', '59990 894960 20314\n', 'Komal', 16000, 'TJSB9806547', '654483924', '22-10-2017\n', 'Friday', '10', '2017', '2.20 PM', '151', 1),
(151, 1, ' Nazira', '5535 8055 7745', '087, Valligalur, Guwahati - 76', '6087281974', ' Union Bank of India\n', '70304 373165 97831', 'Guwahati', 25000, 'UBOI8539647', '930703096', '01-7-2018\n', 'Saturday', '7', '2018', '8.07 PM', '152', 1),
(152, 1, ' Anbu', '2402 4919 6216', '50, Vivek Chowk, Darj- 229855', '8656423442', 'Idbi Bank', '94100 147318 64092', 'Darj', 30000, 'IDBI0002449', '897587689', '\n05-2-2018\n', 'Sunday', '2', '2018', '4.00 PM', '153', 1),
(153, 1, ' Dhanush', '2127 3620 7845', '54, Aruna Apartments, Rachel Nagar Surat - 396695\n', '6882473846', 'South Indian Bank Limited\n', '54254 477931 34807', 'Rachel', 15000, 'SIBL1231246', '284921738\n', '25-4-2017\n', 'Monday', '4', '2017', '5.37 PM', '154', 1),
(154, 1, ' Tamilchelvan', '4575 9432 6514', '58, Borivali, Gandhinagar - 573600\n', '8698426273', 'UCO Bank', '54057 093996 10986', 'Gandhinagar', 2500000, 'UCOK9209475', '972821312', '10-9-2018\n', 'Tuesday', '9', '2018', '3. 45 PM', '155', 1),
(155, 1, 'Vettiselvan', '1949 6973 3019', '17, Madhu Heights, RamPur Kanpur - 567332\n', '8786285288', 'United of India', '33149 402220 81991', 'Kanpur', 65000, 'UOIK3276892', '173825268', '27-7-2018\n', 'Wednesday', '7', '2018', '9.46 AM', '156', 1),
(156, 1, ' Hafeeza ', '8149 4965 2984', '52, Wahid Society, AnandGarh Nashik - 348148\n', '8925503602', 'Punjab & Sind Bank', '13222 291810 03344', 'Nashik', 669000, 'PSBK0987439', '373960696', '24-8-2018\n', 'Thursday', '8', '2018', '2.43 PM', '157', 1),
(157, 1, ' Ponmozhy', '9846 6941 4175', '19, Krishna Society, TeenaPur Darjeeling - 352083\n', '8414034805', 'ICICI Bank Limited', '96520 771316 96952', 'Darjeeling', 950000, 'ICIC7924592', '709831957', '20-1-2017\n', 'Friday', '1', '2017', '9.51 PM', '158', 1),
(158, 1, ' Sathiya', '0716 5208 5025', '43, Churchgate, Jammu - 114012\n', '7258298309', ' DCB Bank Limited', '73281 061012 73822', 'Jammu', 786000, 'DCBB8475832', '965839295', '11-12-2018\n', 'Saturday', '12', '2018', '2.02 PM', '159', 1),
(159, 1, 'Vijay', '5071 6746 6321', '31, Cyber City, Chennai - 175981\n', '9512390400', 'Ahmedabad Mercantile Co-Op Bank Ltd. ', '94391 816300 97789', 'Chennai', 43000, 'AMCK3467898', '979718126', '09-9-2017\n', 'Sunday', '9', '2017', '1.54 PM', '160', 1),
(160, 1, ' Eniyan ', '4130 9187 2653', '45, Bandra, Nagpur - 503460\n', '9172560012', 'CorporationBank', '35606 945728 05290\n', 'Nagpur', 77000, 'COBA2134879', '852685516\n', '18-5-2018\n', 'Monday', '5', '', '4.56 AM', '161', 1),
(161, 1, ' Nasrina', '4403 9972 2757', '88, Andheri, Dehra Dun - 118847\n', '7247841724', 'Karnataka Bank Limited\n', '48309 991230 96549', 'Dehra', 83000, 'KBLK2132432', '558998653', '08-2-2017\n', 'Tuesday', '2', '2017', '5.12 PM', '162', 1),
(162, 1, ' Anbu', '2402 4919 6216', '50, Vivek Chowk, Darj- 229855', '8656423442', 'Idbi Bank', '94100 147318 64092', 'Darj', 30000, 'IDBI0002449', '897587689', '\n05-2-2018\n', 'Wednesday', '2', '2018', '4.00 PM', '163', 1),
(163, 1, ' Hafeeza ', '8149 4965 2984', '52, Wahid Society, AnandGarh Nashik - 348148\n', '8925503602', 'Punjab & Sind Bank', '13222 291810 03344', 'Nashik', 669000, 'PSBK0987439', '373960696', '24-8-2018\n', 'Thursday', '8', '2018', '2.43 PM', '164', 1),
(164, 1, ' Hafira', '9346 5983 3989', '18, Chandpole, New Delhi - 198431\n', '8109257486', 'City Union Bank Limited', '93158 405571 01772', 'New Delhi ', 52000, 'CUBL9423146', '233119918', '04-12-2018\n', 'Friday', '12', '2018', '3.30 PM', '165', 1),
(165, 1, 'Jayamravi', '7365 6833 0780', '93, Vikhroli, Nashik - 587803\n', '7006643726', 'Nainital Bank Limited\n', '15927 304578 34459', 'Nashik', 323000, 'NBLK0976547', '130018912\n', '11-3-2017\n', 'Saturday', '3', '2017', '3.02 AM', '166', 1),
(166, 1, ' Tamilchelvan', '4575 9432 6514', '58, Borivali, Gandhinagar - 573600\n', '8698426273', 'UCO Bank', '54057 093996 10986', 'Gandhinagar', 2500000, 'UCOK9209475', '972821312', '10-9-2018\n', 'Sunday', '9', '2018', '3. 45 PM', '167', 1),
(167, 1, 'Vijay', '5071 6746 6321', '31, Cyber City, Chennai - 175981\n', '9512390400', 'Ahmedabad Mercantile Co-Op Bank Ltd. ', '94391 816300 97789', 'Chennai', 43000, 'AMCK3467898', '979718126', '09-9-2017\n', 'Monday', '9', '2017', '1.54 PM', '168', 1),
(168, 1, ' Adhavan', '8739 3248 7892', '69, Teena Nagar, Trichy - 103602', '8416247264', 'Andhra Bank ', '30651 170711 05771', 'Trichy', 45000, 'ANDH9843874', '700002021', '05-2-2018\n', 'Tuesday', '2', '2018', '3.45 PM', '169', 1),
(169, 1, ' Chaeralathan', '9706 9849 0412', '67, Darjeeling  Rajkot - 10', '9173308708', 'Bank of India', '60923 548969 04124', 'Rajkot', 120000, 'BOBI8743944', '377078685', '23-3-2018\n', 'Wednesday', '3', '2018', '1.24 AM', '170', 1),
(170, 1, ' Sathiya', '0716 5208 5025', '43, Churchgate, Jammu - 114012\n', '7258298309', ' DCB Bank Limited', '73281 061012 73822', 'Jammu', 786000, 'DCBB8475832', '965839295', '11-12-2018\n', 'Thursday', '12', '2018', '2.02 PM', '171', 1),
(171, 1, ' Anbu', '2402 4919 6216', '50, Vivek Chowk, Darj- 229855', '8656423442', 'Idbi Bank', '94100 147318 64092', 'Darj', 30000, 'IDBI0002449', '897587689', '\n05-2-2018\n', 'Friday', '2', '2018', '4.00 PM', '172', 1),
(172, 1, ' Tamilchelvan', '4575 9432 6514', '58, Borivali, Gandhinagar - 573600\n', '8698426273', 'UCO Bank', '54057 093996 10986', 'Gandhinagar', 2500000, 'UCOK9209475', '972821312', '10-9-2018\n', 'Saturday', '9', '2018', '3. 45 PM', '173', 1),
(173, 1, ' Hafeeza ', '8149 4965 2984', '52, Wahid Society, AnandGarh Nashik - 348148\n', '8925503602', 'Punjab & Sind Bank', '13222 291810 03344', 'Nashik', 669000, 'PSBK0987439', '373960696', '24-8-2018\n', 'Sunday', '8', '2018', '2.43 PM', '174', 1),
(174, 1, ' Ponmozhy', '9846 6941 4175', '19, Krishna Society, TeenaPur Darjeeling - 352083\n', '8414034805', 'ICICI Bank Limited', '96520 771316 96952', 'Darjeeling', 950000, 'ICIC7924592', '709831957', '20-1-2017\n', 'Monday', '1', '2017', '9.51 PM', '175', 1),
(175, 1, ' Amuthamozhi', '8297 9975 5935', '17, Madhu Heights, RamPur Kanpur - 567332\n', '7300244728', 'Axis Bank Limited', '22729 093434 56502\n', 'Kanpur', 89000, 'ABLB9897234', '806750559', '17-10-2018\n', 'Tuesday', '10', '2018', '12.46 AM', '176', 1),
(176, 1, 'Vijay', '5071 6746 6321', '31, Cyber City, Chennai - 175981\n', '9512390400', 'Ahmedabad Mercantile Co-Op Bank Ltd. ', '94391 816300 97789', 'Chennai', 43000, 'AMCK3467898', '979718126', '09-9-2017\n', 'Wednesday', '9', '2017', '1.54 PM', '177', 1),
(177, 1, ' Eniyan ', '4130 9187 2653', '45, Bandra, Nagpur - 503460\n', '9172560012', 'CorporationBank', '35606 945728 05290\n', 'Nagpur', 77000, 'COBA2134879', '852685516\n', '18-5-2018\n', 'Thursday', '5', '', '4.56 AM', '178', 1),
(178, 1, 'Vijay', '5071 6746 6321', '31, Cyber City, Chennai - 175981\n', '9512390400', 'Ahmedabad Mercantile Co-Op Bank Ltd. ', '94391 816300 97789', 'Chennai', 43000, 'AMCK3467898', '979718126', '09-9-2017\n', 'Friday', '9', '2017', '1.54 PM', '179', 1),
(179, 1, 'Aadhi', '4243 8749 9345', '86, Model Town, Panaji - 59108', '7815469500', 'State Bank of India\n ', '92888 402982 13880', 'Panaji', 50000, 'STAT0065306', '575065002', '27-1-2018\n', 'Saturday', '1', '2018', '2.00 PM', '180', 1),
(180, 1, ' Vedhika', '0092 8403 5431', '30, NancyGarh, New Delhi - 304887\n', '9381974700', 'Solapur Janata Sahakari Bank Ltd.\n', '12357 48303 178381\n', 'New Delhi', 12000, 'SJSB8745697', '892707110', '27-9-2017\n', 'Sunday', '9', '2017', '6.40 AM', '181', 1),
(181, 1, 'Albert', '1382 2770 8926', '47, Ajeet Society, Komal Nagar Alwar - 208110\n', '7088675216', 'TJSB Sahakari Bank\n', '59990 894960 20314\n', 'Komal', 16000, 'TJSB9806547', '654483924', '22-10-2017\n', 'Monday', '10', '2017', '2.20 PM', '182', 1),
(182, 1, ' Vadivelu', '0294 0095 6347', '71, Baalkrishan Villas, AneesGunj Guwahati - 534540\n', '7551003676', 'Indore Premier Co-operative Bank Ltd. ', '42592 376444 06710\n', 'AneesGunj', 2600000, 'IPCO9875645', '987567865', '22-12-2017\n', 'Tuesday', '12', '2017', '5.00 AM', '183', 1),
(183, 1, ' Anbu', '2402 4919 6216', '50, Vivek Chowk, Darj- 229855', '8656423442', 'Idbi Bank', '94100 147318 64092', 'Darj', 30000, 'IDBI0002449', '897587689', '\n05-2-2018\n', 'Wednesday', '2', '2018', '4.00 PM', '184', 1),
(184, 1, ' Tamilchelvan', '4575 9432 6514', '58, Borivali, Gandhinagar - 573600\n', '8698426273', 'UCO Bank', '54057 093996 10986', 'Gandhinagar', 2500000, 'UCOK9209475', '972821312', '10-9-2018\n', 'Thursday', '9', '2018', '3. 45 PM', '185', 1),
(185, 1, ' Ponmozhy', '9846 6941 4175', '19, Krishna Society, TeenaPur Darjeeling - 352083\n', '8414034805', 'ICICI Bank Limited', '96520 771316 96952', 'Darjeeling', 950000, 'ICIC7924592', '709831957', '20-1-2017\n', 'Friday', '1', '2017', '9.51 PM', '186', 1),
(186, 1, 'Jayamravi', '7365 6833 0780', '93, Vikhroli, Nashik - 587803\n', '7006643726', 'Nainital Bank Limited\n', '15927 304578 34459', 'Nashik', 323000, 'NBLK0976547', '130018912\n', '11-3-2017\n', 'Saturday', '3', '2017', '3.02 AM', '187', 1),
(187, 1, ' Hafeeza ', '8149 4965 2984', '52, Wahid Society, AnandGarh Nashik - 348148\n', '8925503602', 'Punjab & Sind Bank', '13222 291810 03344', 'Nashik', 669000, 'PSBK0987439', '373960696', '24-8-2018\n', 'Sunday', '8', '2018', '2.43 PM', '188', 1),
(188, 1, ' Hafeeza ', '8149 4965 2984', '52, Wahid Society, AnandGarh Nashik - 348148\n', '8925503602', 'Punjab & Sind Bank', '13222 291810 03344', 'Nashik', 669000, 'PSBK0987439', '373960696', '24-8-2018\n', 'Monday', '8', '2018', '2.43 PM', '189', 1),
(189, 1, ' Chaeralathan', '9706 9849 0412', '67, Darjeeling  Rajkot - 10', '9173308708', 'Bank of India', '60923 548969 04124', 'Rajkot', 120000, 'BOBI8743944', '377078685', '23-3-2018\n', 'Tuesday', '3', '2018', '1.24 AM', '190', 1),
(190, 1, ' Anbu', '2402 4919 6216', '50, Vivek Chowk, Darj- 229855', '8656423442', 'Idbi Bank', '94100 147318 64092', 'Darj', 30000, 'IDBI0002449', '897587689', '\n05-2-2018\n', 'Wednesday', '2', '2018', '4.00 PM', '191', 1),
(191, 1, ' Sathiya', '0716 5208 5025', '43, Churchgate, Jammu - 114012\n', '7258298309', ' DCB Bank Limited', '73281 061012 73822', 'Jammu', 786000, 'DCBB8475832', '965839295', '11-12-2018\n', 'Thursday', '12', '2018', '2.02 PM', '192', 1),
(192, 1, ' Tamilchelvan', '4575 9432 6514', '58, Borivali, Gandhinagar - 573600\n', '8698426273', 'UCO Bank', '54057 093996 10986', 'Gandhinagar', 2500000, 'UCOK9209475', '972821312', '10-9-2018\n', 'Friday', '9', '2018', '3. 45 PM', '193', 1),
(193, 1, 'Aadhi', '4243 8749 9345', '86, Model Town, Panaji - 59108', '7815469500', 'State Bank of India\n ', '92888 402982 13880', 'Panaji', 50000, 'STAT0065306', '575065002', '27-1-2018\n', 'Saturday', '1', '2018', '2.00 PM', '194', 1),
(194, 1, 'Albert', '1382 2770 8926', '47, Ajeet Society, Komal Nagar Alwar - 208110\n', '7088675216', 'TJSB Sahakari Bank\n', '59990 894960 20314\n', 'Komal', 16000, 'TJSB9806547', '654483924', '22-10-2017\n', 'Sunday', '10', '2017', '2.20 PM', '195', 1),
(195, 1, ' Eniyan ', '4130 9187 2653', '45, Bandra, Nagpur - 503460\n', '9172560012', 'CorporationBank', '35606 945728 05290\n', 'Nagpur', 77000, 'COBA2134879', '852685516\n', '18-5-2018\n', 'Monday', '5', '2018', '4.56 AM', '196', 1),
(196, 1, ' Archana', '5122 4301 0729', '16, YasminGunj, Thiruvananthapuram - 465872\n', '6396498390', 'Shalini Bank Ltd.\n', '06160 604322 49568\n', 'Thiruvananthapuram', 390000, 'SHAL8754651', '535052558', '19-10-2017\n', 'Tuesday', '10', '2018', '4.56 AM', '197', 1),
(197, 1, ' Ashreen', '2316 0101 9726', '61, RitikaPur, Nashik - 411798\n', '7488067910', 'IndusInd Bank Limited\n', '77796 036357 26336', 'Nashik', 2378000, 'IBLK2349876', '98235676', '22-1-2017\n', 'Wednesday', '1', '2018', '1.29 AM', '198', 1),
(198, 1, ' Chaeralathan', '9706 9849 0412', '67, Darjeeling  Rajkot - 10', '9173308708', 'Bank of India', '60923 548969 04124', 'Rajkot', 120000, 'BOBI8743944', '377078685', '23-3-2018\n', 'Thursday', '3', '2018', '1.24 AM', '199', 1),
(199, 1, ' Adhavan', '8739 3248 7892', '69, Teena Nagar, Trichy - 103602', '8416247264', 'Andhra Bank ', '30651 170711 05771', 'Trichy', 45000, 'ANDH9843874', '700002021', '05-2-2018\n', 'Friday', '2', '2018', '3.45 PM', '200', 1),
(200, 1, ' Hafeeza ', '8149 4965 2984', '52, Wahid Society, AnandGarh Nashik - 348148\n', '8925503602', 'Punjab & Sind Bank', '13222 291810 03344', 'Nashik', 669000, 'PSBK0987439', '373960696', '24-8-2018\n', 'Saturday', '8', '2018', '2.43 PM', '201', 1);
INSERT INTO `cyber_alert_givertransaction` (`id`, `userid_id`, `name`, `aadharno`, `address`, `mobileno`, `bankname`, `accountno`, `branchname`, `amount`, `ifsccode`, `micrcode`, `date`, `day`, `month`, `year`, `time`, `transationid`, `countone`) VALUES
(201, 1, ' Sathiya', '0716 5208 5025', '43, Churchgate, Jammu - 114012\n', '7258298309', ' DCB Bank Limited', '73281 061012 73822', 'Jammu', 786000, 'DCBB8475832', '965839295', '11-12-2018\n', 'Sunday', '12', '2018', '2.02 PM', '202', 1),
(202, 1, ' Vadivelu', '0294 0095 6347', '71, Baalkrishan Villas, AneesGunj Guwahati - 534540\n', '7551003676', 'Indore Premier Co-operative Bank Ltd. ', '42592 376444 06710\n', 'AneesGunj', 2600000, 'IPCO9875645', '987567865', '22-12-2017\n', 'Monday', '12', '2017', '5.00 AM', '203', 1),
(203, 1, ' Tamilchelvan', '4575 9432 6514', '58, Borivali, Gandhinagar - 573600\n', '8698426273', 'UCO Bank', '54057 093996 10986', 'Gandhinagar', 2500000, 'UCOK9209475', '972821312', '10-9-2018\n', 'Tuesday', '9', '2018', '3. 45 PM', '204', 1),
(204, 1, ' Anbu', '2402 4919 6216', '50, Vivek Chowk, Darj- 229855', '8656423442', 'Idbi Bank', '94100 147318 64092', 'Darj', 30000, 'IDBI0002449', '897587689', '\n05-2-2018\n', 'Wednesday', '2', '2018', '4.00 PM', '205', 1),
(205, 1, 'Albert', '1382 2770 8926', '47, Ajeet Society, Komal Nagar Alwar - 208110\n', '7088675216', 'TJSB Sahakari Bank\n', '59990 894960 20314\n', 'Komal', 16000, 'TJSB9806547', '654483924', '22-10-2017\n', 'Thursday', '10', '2017', '2.20 PM', '206', 1),
(206, 1, 'Jayamravi', '7365 6833 0780', '93, Vikhroli, Nashik - 587803\n', '7006643726', 'Nainital Bank Limited\n', '15927 304578 34459', 'Nashik', 323000, 'NBLK0976547', '130018912\n', '11-3-2017\n', 'Friday', '3', '2017', '3.02 AM', '207', 1),
(207, 1, ' Nasrina', '4403 9972 2757', '88, Andheri, Dehra Dun - 118847\n', '7247841724', 'Karnataka Bank Limited\n', '48309 991230 96549', 'Dehra', 83000, 'KBLK2132432', '558998653', '08-2-2017\n', 'Saturday', '2', '2017', '5.12 PM', '208', 1),
(208, 1, 'Aadhi', '4243 8749 9345', '86, Model Town, Panaji - 59108', '7815469500', 'State Bank of India\n ', '92888 402982 13880', 'Panaji', 50000, 'STAT0065306', '575065002', '27-1-2018\n', 'Sunday', '1', '2018', '2.00 PM', '209', 1),
(209, 1, ' Tamilchelvan', '4575 9432 6514', '58, Borivali, Gandhinagar - 573600\n', '8698426273', 'UCO Bank', '54057 093996 10986', 'Gandhinagar', 2500000, 'UCOK9209475', '972821312', '10-9-2018\n', 'Monday', '9', '2018', '3. 45 PM', '210', 1),
(210, 1, ' Sathiya', '0716 5208 5025', '43, Churchgate, Jammu - 114012\n', '7258298309', ' DCB Bank Limited', '73281 061012 73822', 'Jammu', 786000, 'DCBB8475832', '965839295', '11-12-2018\n', 'Tuesday', '12', '2018', '2.02 PM', '211', 1),
(211, 1, ' Hafeeza ', '8149 4965 2984', '52, Wahid Society, AnandGarh Nashik - 348148\n', '8925503602', 'Punjab & Sind Bank', '13222 291810 03344', 'Nashik', 669000, 'PSBK0987439', '373960696', '24-8-2018\n', 'Wednesday', '8', '2018', '2.43 PM', '212', 1),
(212, 1, ' Eniyan ', '4130 9187 2653', '45, Bandra, Nagpur - 503460\n', '9172560012', 'CorporationBank', '35606 945728 05290\n', 'Nagpur', 77000, 'COBA2134879', '852685516\n', '18-5-2018\n', 'Thursday', '5', '2018', '4.56 AM', '213', 1),
(213, 1, 'Vijay', '5071 6746 6321', '31, Cyber City, Chennai - 175981\n', '9512390400', 'Ahmedabad Mercantile Co-Op Bank Ltd. ', '94391 816300 97789', 'Chennai', 43000, 'AMCK3467898', '979718126', '09-9-2017\n', 'Friday', '9', '2017', '1.54 PM', '214', 1),
(214, 1, ' Hamsa', '6565 9309 7602', '76, Bhaagyasree Heights, KusumPur Thiruvananthapuram - 347017\n', '8371716459', ' HDFC Bank Limited', '37122 093433 36738', 'Thiruvananthapuram', 16000, 'HDFC3424547', '197911740', '15-12-2018\n', 'Saturday', '12', '2018', '8.30 PM', '215', 1),
(215, 1, ' Anbu', '2402 4919 6216', '50, Vivek Chowk, Darj- 229855', '8656423442', 'Idbi Bank', '94100 147318 64092', 'Darj', 30000, 'IDBI0002449', '897587689', '\n05-2-2018\n', 'Sunday', '2', '2018', '4.00 PM', '216', 1),
(216, 1, ' Ponmozhy', '9846 6941 4175', '19, Krishna Society, TeenaPur Darjeeling - 352083\n', '8414034805', 'ICICI Bank Limited', '96520 771316 96952', 'Darjeeling', 950000, 'ICIC7924592', '709831957', '20-1-2017\n', 'Monday', '1', '2017', '9.51 PM', '217', 1),
(217, 1, ' Dhanush', '2127 3620 7845', '54, Aruna Apartments, Rachel Nagar Surat - 396695\n', '6882473846', 'South Indian Bank Limited\n', '54254 477931 34807', 'Rachel', 15000, 'SIBL1231246', '284921738\n', '25-4-2017\n', 'Tuesday', '4', '2017', '5.37 PM', '218', 1),
(218, 1, 'Jayamravi', '7365 6833 0780', '93, Vikhroli, Nashik - 587803\n', '7006643726', 'Nainital Bank Limited\n', '15927 304578 34459', 'Nashik', 323000, 'NBLK0976547', '130018912\n', '11-3-2017\n', 'Wednesday', '3', '2017', '3.02 AM', '219', 1),
(219, 1, ' Farid ', '8659 7686 9003', '22, KarimGunj, Guwahati - 312551\n', '9126219575', 'Bandhan Bank Limited', '30446 068273 81810', 'Guwahati', 34000, 'BBLK8490579', '475874543', '31-10-2018\n', 'Thursday', '10', '2018', '2.48 AM', '220', 1),
(220, 1, ' Vadivelu', '0294 0095 6347', '71, Baalkrishan Villas, AneesGunj Guwahati - 534540\n', '7551003676', 'Indore Premier Co-operative Bank Ltd. ', '42592 376444 06710\n', 'AneesGunj', 2600000, 'IPCO9875645', '987567865', '22-12-2017\n', 'Friday', '12', '2017', '5.00 AM', '221', 1),
(221, 1, 'Albert', '1382 2770 8926', '47, Ajeet Society, Komal Nagar Alwar - 208110\n', '7088675216', 'TJSB Sahakari Bank\n', '59990 894960 20314\n', 'Komal', 16000, 'TJSB9806547', '654483924', '22-10-2017\n', 'Saturday', '10', '2017', '2.20 PM', '222', 1),
(222, 1, ' Adhavan', '8739 3248 7892', '69, Teena Nagar, Trichy - 103602', '8416247264', 'Andhra Bank ', '30651 170711 05771', 'Trichy', 45000, 'ANDH9843874', '700002021', '05-2-2018\n', 'Sunday', '2', '2018', '3.45 PM', '223', 1),
(223, 1, ' Hafeeza ', '8149 4965 2984', '52, Wahid Society, AnandGarh Nashik - 348148\n', '8925503602', 'Punjab & Sind Bank', '13222 291810 03344', 'Nashik', 669000, 'PSBK0987439', '373960696', '24-8-2018\n', 'Monday', '8', '2018', '2.43 PM', '224', 1),
(224, 1, ' Anbu', '2402 4919 6216', '50, Vivek Chowk, Darj- 229855', '8656423442', 'Idbi Bank', '94100 147318 64092', 'Darj', 30000, 'IDBI0002449', '897587689', '\n05-2-2018\n', 'Tuesday', '2', '2018', '4.00 PM', '225', 1),
(225, 1, ' Archana', '5122 4301 0729', '16, YasminGunj, Thiruvananthapuram - 465872\n', '6396498390', 'Shalini Bank Ltd.\n', '06160 604322 49568\n', 'Thiruvananthapuram', 390000, 'SHAL8754651', '535052558', '19-10-2017\n', 'Wednesday', '10', '2017', '4.56 AM', '226', 1),
(226, 1, ' Nazira', '5535 8055 7745', '087, Valligalur, Guwahati - 76', '6087281974', ' Union Bank of India\n', '70304 373165 97831', 'Guwahati', 25000, 'UBOI8539647', '930703096', '01-7-2018\n', 'Thursday', '7', '2018', '8.07 PM', '227', 1),
(227, 1, 'Vijay', '5071 6746 6321', '31, Cyber City, Chennai - 175981\n', '9512390400', 'Ahmedabad Mercantile Co-Op Bank Ltd. ', '94391 816300 97789', 'Chennai', 43000, 'AMCK3467898', '979718126', '09-9-2017\n', 'Friday', '9', '2017', '1.54 PM', '228', 1),
(228, 1, ' Dhanush', '2127 3620 7845', '54, Aruna Apartments, Rachel Nagar Surat - 396695\n', '6882473846', 'South Indian Bank Limited\n', '54254 477931 34807', 'Rachel', 15000, 'SIBL1231246', '284921738\n', '25-4-2017\n', 'Saturday', '4', '2017', '5.37 PM', '229', 1),
(229, 1, 'Aadhi', '4243 8749 9345', '86, Model Town, Panaji - 59108', '7815469500', 'State Bank of India\n ', '92888 402982 13880', 'Panaji', 50000, 'STAT0065306', '575065002', '27-1-2018\n', 'Sunday', '1', '2018', '2.00 PM', '230', 1),
(230, 1, ' Vikram', '1451 2149 8832', '59, Smriti Chowk, Thiruvananthapuram - 412234\n', '6417320314', 'India Post Payments Bank Limited\n', '2745 2664732 79942', 'Thiruvananthapuram', 578000, 'IPPB6549878', '988161704', '09-7-2017\n', 'Monday', '7', '2017', '3.33 PM', '231', 1),
(231, 1, ' Ashreen', '2316 0101 9726', '61, RitikaPur, Nashik - 411798\n', '7488067910', 'IndusInd Bank Limited\n', '77796 036357 26336', 'Nashik', 2378000, 'IBLK2349876', '98235676', '22-1-2017\n', 'Tuesday', '1', '2017', '1.29 AM', '232', 1),
(232, 1, ' Anbu', '2402 4919 6216', '50, Vivek Chowk, Darj- 229855', '8656423442', 'Idbi Bank', '94100 147318 64092', 'Darj', 30000, 'IDBI0002449', '897587689', '\n05-2-2018\n', 'Wednesday', '2', '2018', '4.00 PM', '233', 1),
(233, 1, 'Vijay', '5071 6746 6321', '31, Cyber City, Chennai - 175981\n', '9512390400', 'Ahmedabad Mercantile Co-Op Bank Ltd. ', '94391 816300 97789', 'Chennai', 43000, 'AMCK3467898', '979718126', '09-9-2017\n', 'Thursday', '9', '2017', '1.54 PM', '234', 1),
(234, 1, ' Ashreen', '2316 0101 9726', '61, RitikaPur, Nashik - 411798\n', '7488067910', 'IndusInd Bank Limited\n', '77796 036357 26336', 'Nashik', 2378000, 'IBLK2349876', '98235676', '22-1-2017\n', 'Friday', '1', '2017', '1.29 AM', '235', 1),
(235, 1, ' Ponmozhy', '9846 6941 4175', '19, Krishna Society, TeenaPur Darjeeling - 352083\n', '8414034805', 'ICICI Bank Limited', '96520 771316 96952', 'Darjeeling', 950000, 'ICIC7924592', '709831957', '20-1-2017\n', 'Saturday', '1', '2017', '9.51 PM', '236', 1),
(236, 1, ' Luxmi', '8536 5333 2266', '51, Charlie Villas, Taahid Nagar Jammu - 588739\n', '7965268089', 'RBL Bank Limited\n', '87099 716606 88102', 'Taahid', 99000, 'RBLB7658685', '222754424\n', '05-4-2017\n', 'Sunday', '4', '2018', '1.54 PM', '237', 1),
(237, 1, ' Vadivelu', '0294 0095 6347', '71, Baalkrishan Villas, AneesGunj Guwahati - 534540\n', '7551003676', 'Indore Premier Co-operative Bank Ltd. ', '42592 376444 06710\n', 'AneesGunj', 2600000, 'IPCO9875645', '987567865', '22-12-2017\n', 'Monday', '12', '2017', '5.00 AM', '238', 1),
(238, 1, ' Hafeeza ', '8149 4965 2984', '52, Wahid Society, AnandGarh Nashik - 348148\n', '8925503602', 'Punjab & Sind Bank', '13222 291810 03344', 'Nashik', 669000, 'PSBK0987439', '373960696', '24-8-2018\n', 'Tuesday', '8', '2018', '2.43 PM', '239', 1),
(239, 1, ' Anbu', '2402 4919 6216', '50, Vivek Chowk, Darj- 229855', '8656423442', 'Idbi Bank', '94100 147318 64092', 'Darj', 30000, 'IDBI0002449', '897587689', '\n05-2-2018\n', 'Wednesday', '2', '2018', '4.00 PM', '240', 1),
(240, 1, ' Archana', '5122 4301 0729', '16, YasminGunj, Thiruvananthapuram - 465872\n', '6396498390', 'Shalini Bank Ltd.\n', '06160 604322 49568\n', 'Thiruvananthapuram', 390000, 'SHAL8754651', '535052558', '19-10-2017\n', 'Thursday', '10', '2017', '4.56 AM', '241', 1),
(241, 1, 'Albert', '1382 2770 8926', '47, Ajeet Society, Komal Nagar Alwar - 208110\n', '7088675216', 'TJSB Sahakari Bank\n', '59990 894960 20314\n', 'Komal', 16000, 'TJSB9806547', '654483924', '22-10-2017\n', 'Friday', '10', '2017', '2.20 PM', '242', 1),
(242, 1, ' Nazira', '5535 8055 7745', '087, Valligalur, Guwahati - 76', '6087281974', ' Union Bank of India\n', '70304 373165 97831', 'Guwahati', 25000, 'UBOI8539647', '930703096', '01-7-2018\n', 'Saturday', '7', '2018', '8.07 PM', '243', 1),
(243, 1, ' Adhavan', '8739 3248 7892', '69, Teena Nagar, Trichy - 103602', '8416247264', 'Andhra Bank ', '30651 170711 05771', 'Trichy', 45000, 'ANDH9843874', '700002021', '05-2-2018\n', 'Sunday', '2', '2018', '3.45 PM', '244', 1),
(244, 1, ' Eniyan ', '4130 9187 2653', '45, Bandra, Nagpur - 503460\n', '9172560012', 'CorporationBank', '35606 945728 05290\n', 'Nagpur', 77000, 'COBA2134879', '852685516\n', '18-5-2018\n', 'Monday', '5', '2018', '4.56 AM', '245', 1),
(245, 1, ' Wajeeb', '8632 4163 3485', '84, Gunjan Villas, Yeshwanthpura Ratlam - 144538\n', '6546648202', 'Karur Vysya Bank Limited\n', '29801 709171 96008', 'Yeshwanthpura', 146000, 'KVBL3435467', '880795523\n\n', '18-2-2017\n', 'Tuesday', '2', '2017', '7.34 AM', '246', 1),
(246, 2, 'Joseph', '7523 6515 3353', '28, Preshita Chowk, Warangal - 138077\n', '7946989519', 'Thane Bharat Sahakari Bank Ltd.\n', '40672 276592 13888\n', 'Warangal', 61000, 'TBSB7698467', '203034025', '26-9-2017\n', 'Wednesday', '9', '2017', '6.34 AM', '247', 1),
(247, 2, ' Chaeralathan', '9706 9849 0412', '67, Darjeeling  Rajkot - 10', '9173308708', 'Bank of India', '60923 548969 04124', 'Rajkot', 120000, 'BOBI8743944', '377078685', '23-3-2018\n', 'Thursday', '3', '', '1.24 AM', '248', 1),
(248, 2, ' Prabhudeva ', '4899 7368 7247\n', '87, SohailPur, Jaipur - 598397\n', '7466499073', 'YES Bank Limited\n', '28165 602743 08829', 'Jaipur', 1023000, 'YESB8756468', '244658192', '02-6-2017\n', 'Friday', '6', '2017', '4.44 PM', '249', 1),
(249, 2, ' Anbu', '2402 4919 6216', '50, Vivek Chowk, Darj- 229855', '8656423442', 'Idbi Bank', '94100 147318 64092', 'Darj', 30000, 'IDBI0002449', '897587689', '\n05-2-2018\n', 'Saturday', '2', '2018', '4.00 PM', '250', 1),
(250, 2, 'Albert', '1382 2770 8926', '47, Ajeet Society, Komal Nagar Alwar - 208110\n', '7088675216', 'TJSB Sahakari Bank\n', '59990 894960 20314\n', 'Komal', 16000, 'TJSB9806547', '654483924', '22-10-2017\n', 'Sunday', '10', '2017', '2.20 PM', '251', 1),
(251, 2, ' Ponmozhy', '9846 6941 4175', '19, Krishna Society, TeenaPur Darjeeling - 352083\n', '8414034805', 'ICICI Bank Limited', '96520 771316 96952', 'Darjeeling', 950000, 'ICIC7924592', '709831957', '20-1-2017\n', 'Monday', '1', '2017', '9.51 PM', '252', 1),
(252, 2, ' Ashreen', '2316 0101 9726', '61, RitikaPur, Nashik - 411798\n', '7488067910', 'IndusInd Bank Limited\n', '77796 036357 26336', 'Nashik', 2378000, 'IBLK2349876', '98235676', '22-1-2017\n', 'Tuesday', '1', '2017', '1.29 AM', '253', 1),
(253, 2, ' Vadivelu', '0294 0095 6347', '71, Baalkrishan Villas, AneesGunj Guwahati - 534540\n', '7551003676', 'Indore Premier Co-operative Bank Ltd. ', '42592 376444 06710\n', 'AneesGunj', 2600000, 'IPCO9875645', '987567865', '22-12-2017\n', 'Wednesday', '12', '2017', '5.00 AM', '254', 1),
(254, 2, ' Hafeeza ', '8149 4965 2984', '52, Wahid Society, AnandGarh Nashik - 348148\n', '8925503602', 'Punjab & Sind Bank', '13222 291810 03344', 'Nashik', 669000, 'PSBK0987439', '373960696', '24-8-2018\n', 'Thursday', '8', '2018', '2.43 PM', '255', 1),
(255, 2, ' Archana', '5122 4301 0729', '16, YasminGunj, Thiruvananthapuram - 465872\n', '6396498390', 'Shalini Bank Ltd.\n', '06160 604322 49568\n', 'Thiruvananthapuram', 390000, 'SHAL8754651', '535052558', '19-10-2017\n', 'Friday', '10', '2017', '4.56 AM', '256', 1),
(256, 2, 'Aadhi', '4243 8749 9345', '86, Model Town, Panaji - 59108', '7815469500', 'State Bank of India\n ', '92888 402982 13880', 'Panaji', 50000, 'STAT0065306', '575065002', '27-1-2018\n', 'Saturday', '1', '2018', '2.00 PM', '257', 1),
(257, 2, ' Wajeeb', '8632 4163 3485', '84, Gunjan Villas, Yeshwanthpura Ratlam - 144538\n', '6546648202', 'Karur Vysya Bank Limited\n', '29801 709171 96008', 'Yeshwanthpura', 146000, 'KVBL3435467', '880795523\n\n', '18-2-2017\n', 'Sunday', '2', '2017', '7.34 AM', '258', 1),
(258, 2, ' Archana', '5122 4301 0729', '16, YasminGunj, Thiruvananthapuram - 465872\n', '6396498390', 'Shalini Bank Ltd.\n', '06160 604322 49568\n', 'Thiruvananthapuram', 390000, 'SHAL8754651', '535052558', '19-10-2017\n', 'Monday', '10', '2017', '4.56 AM', '259', 1),
(259, 2, ' Anbu', '2402 4919 6216', '50, Vivek Chowk, Darj- 229855', '8656423442', 'Idbi Bank', '94100 147318 64092', 'Darj', 30000, 'IDBI0002449', '897587689', '\n05-2-2018\n', 'Tuesday', '2', '2018', '4.00 PM', '260', 1),
(260, 2, ' Nazira', '5535 8055 7745', '087, Valligalur, Guwahati - 76', '6087281974', ' Union Bank of India\n', '70304 373165 97831', 'Guwahati', 25000, 'UBOI8539647', '930703096', '01-7-2018\n', 'Wednesday', '7', '2018', '8.07 PM', '261', 1),
(261, 2, ' Eniyan ', '4130 9187 2653', '45, Bandra, Nagpur - 503460\n', '9172560012', 'CorporationBank', '35606 945728 05290\n', 'Nagpur', 77000, 'COBA2134879', '852685516\n', '18-5-2018\n', 'Thursday', '5', '2018', '4.56 AM', '262', 1),
(262, 2, 'Albert', '1382 2770 8926', '47, Ajeet Society, Komal Nagar Alwar - 208110\n', '7088675216', 'TJSB Sahakari Bank\n', '59990 894960 20314\n', 'Komal', 16000, 'TJSB9806547', '654483924', '22-10-2017\n', 'Friday', '10', '2017', '2.20 PM', '263', 1),
(263, 2, 'Joseph', '7523 6515 3353', '28, Preshita Chowk, Warangal - 138077\n', '7946989519', 'Thane Bharat Sahakari Bank Ltd.\n', '40672 276592 13888\n', 'Warangal', 61000, 'TBSB7698467', '203034025', '26-9-2017\n', 'Saturday', '9', '2017', '6.34 AM', '264', 1),
(264, 2, ' Ponmozhy', '9846 6941 4175', '19, Krishna Society, TeenaPur Darjeeling - 352083\n', '8414034805', 'ICICI Bank Limited', '96520 771316 96952', 'Darjeeling', 950000, 'ICIC7924592', '709831957', '20-1-2017\n', 'Sunday', '1', '2017', '9.51 PM', '265', 1),
(265, 2, ' Hafeeza ', '8149 4965 2984', '52, Wahid Society, AnandGarh Nashik - 348148\n', '8925503602', 'Punjab & Sind Bank', '13222 291810 03344', 'Nashik', 669000, 'PSBK0987439', '373960696', '24-8-2018\n', 'Monday', '8', '2018', '2.43 PM', '266', 1),
(266, 2, ' Vadivelu', '0294 0095 6347', '71, Baalkrishan Villas, AneesGunj Guwahati - 534540\n', '7551003676', 'Indore Premier Co-operative Bank Ltd. ', '42592 376444 06710\n', 'AneesGunj', 2600000, 'IPCO9875645', '987567865', '22-12-2017\n', 'Tuesday', '12', '2017', '5.00 AM', '267', 1),
(267, 2, ' Chaeralathan', '9706 9849 0412', '67, Darjeeling  Rajkot - 10', '9173308708', 'Bank of India', '60923 548969 04124', 'Rajkot', 120000, 'BOBI8743944', '377078685', '23-3-2018\n', 'Wednesday', '3', '2018', '1.24 AM', '268', 1),
(268, 2, ' Ashreen', '2316 0101 9726', '61, RitikaPur, Nashik - 411798\n', '7488067910', 'IndusInd Bank Limited\n', '77796 036357 26336', 'Nashik', 2378000, 'IBLK2349876', '98235676', '22-1-2017\n', 'Thursday', '1', '2017', '1.29 AM', '269', 1),
(269, 2, ' Adhavan', '8739 3248 7892', '69, Teena Nagar, Trichy - 103602', '8416247264', 'Andhra Bank ', '30651 170711 05771', 'Trichy', 45000, 'ANDH9843874', '700002021', '05-2-2018\n', 'Friday', '2', '2018', '3.45 PM', '270', 1),
(270, 2, 'Prabhudeva ', '4899 7368 7247\n', '87, SohailPur, Jaipur - 598397\n', '7466499073', 'YES Bank Limited\n', '28165 602743 08829', 'Jaipur', 1023000, 'YESB8756468', '244658192', '02-6-2017\n', 'Saturday', '6', '2017', '4.44 PM', '271', 1),
(271, 2, ' Archana', '5122 4301 0729', '16, YasminGunj, Thiruvananthapuram - 465872\n', '6396498390', 'Shalini Bank Ltd.\n', '06160 604322 49568\n', 'Thiruvananthapuram', 390000, 'SHAL8754651', '535052558', '19-10-2017\n', 'Sunday', '10', '2017', '4.56 AM', '272', 1),
(272, 2, 'Albert', '1382 2770 8926', '47, Ajeet Society, Komal Nagar Alwar - 208110\n', '7088675216', 'TJSB Sahakari Bank\n', '59990 894960 20314\n', 'Komal', 16000, 'TJSB9806547', '654483924', '22-10-2017\n', 'Monday', '10', '2017', '2.20 PM', '273', 1),
(273, 2, ' Anbu', '2402 4919 6216', '50, Vivek Chowk, Darj- 229855', '8656423442', 'Idbi Bank', '94100 147318 64092', 'Darj', 30000, 'IDBI0002449', '897587689', '\n05-2-2018\n', 'Tuesday', '2', '2018', '4.00 PM', '274', 1),
(274, 2, ' Chaeralathan', '9706 9849 0412', '67, Darjeeling  Rajkot - 10', '9173308708', 'Bank of India', '60923 548969 04124', 'Rajkot', 120000, 'BOBI8743944', '377078685', '23-3-2018\n', 'Wednesday', '3', '2018', '1.24 AM', '275', 1),
(275, 2, 'Joseph', '7523 6515 3353', '28, Preshita Chowk, Warangal - 138077\n', '7946989519', 'Thane Bharat Sahakari Bank Ltd.\n', '40672 276592 13888\n', 'Warangal', 61000, 'TBSB7698467', '203034025', '26-9-2017\n', 'Thursday', '9', '2017', '6.34 AM', '276', 1),
(276, 2, 'Chezhiyan', '8791 1514 2644', '78, Goregaon, Jodhpur  - 48', '6873773425', 'Bank of Maharashtra', '46063 208849 01366\n', 'Jodhpur', 350000, 'BOFM9887564', '73803293', '13-3-2018\n', 'Friday', '3', '2018', '3.00 AM', '277', 1),
(277, 2, 'Aadhi', '4243 8749 9345', '86, Model Town, Panaji - 59108', '7815469500', 'State Bank of India\n ', '92888 402982 13880', 'Panaji', 50000, 'STAT0065306', '575065002', '27-1-2018\n', 'Saturday', '1', '2018', '2.00 PM', '278', 1),
(278, 2, ' Ashreen', '2316 0101 9726', '61, RitikaPur, Nashik - 411798\n', '7488067910', 'IndusInd Bank Limited\n', '77796 036357 26336', 'Nashik', 2378000, 'IBLK2349876', '98235676', '22-1-2017\n', 'Sunday', '1', '2017', '1.29 AM', '279', 1),
(279, 2, ' Anbu', '2402 4919 6216', '50, Vivek Chowk, Darj- 229855', '8656423442', 'Idbi Bank', '94100 147318 64092', 'Darj', 30000, 'IDBI0002449', '897587689', '\n05-2-2018\n', 'Monday', '2', '2018', '4.00 PM', '280', 1),
(280, 2, 'Albert', '1382 2770 8926', '47, Ajeet Society, Komal Nagar Alwar - 208110\n', '7088675216', 'TJSB Sahakari Bank\n', '59990 894960 20314\n', 'Komal', 16000, 'TJSB9806547', '654483924', '22-10-2017\n', 'Tuesday', '10', '2017', '2.20 PM', '281', 1),
(281, 2, ' Vadivelu', '0294 0095 6347', '71, Baalkrishan Villas, AneesGunj Guwahati - 534540\n', '7551003676', 'Indore Premier Co-operative Bank Ltd. ', '42592 376444 06710\n', 'AneesGunj', 2600000, 'IPCO9875645', '987567865', '22-12-2017\n', 'Wednesday', '12', '2017', '5.00 AM', '282', 1),
(282, 2, ' Chaeralathan', '9706 9849 0412', '67, Darjeeling  Rajkot - 10', '9173308708', 'Bank of India', '60923 548969 04124', 'Rajkot', 120000, 'BOBI8743944', '377078685', '23-3-2018\n', 'Thursday', '3', '2018', '1.24 AM', '283', 1),
(283, 2, ' Anbu', '2402 4919 6216', '50, Vivek Chowk, Darj- 229855', '8656423442', 'Idbi Bank', '94100 147318 64092', 'Darj', 30000, 'IDBI0002449', '897587689', '\n05-2-2018\n', 'Friday', '2', '2018', '4.00 PM', '284', 1),
(284, 2, 'Eelavaenthan', '5857 6766 4970', '1671, Trichy,  - 98', '8653461072', 'Central Bank of India', '86661 303002 31232\n', 'Trichy,', 325000, 'CBOI8743740', '364322548\n', '25-3-2018\n', 'Saturday', '3', '2018', '8.98 PM', '285', 1),
(285, 2, ' Archana', '5122 4301 0729', '16, YasminGunj, Thiruvananthapuram - 465872\n', '6396498390', 'Shalini Bank Ltd.\n', '06160 604322 49568\n', 'Thiruvananthapuram', 390000, 'SHAL8754651', '535052558', '19-10-2017\n', 'Sunday', '10', '2017', '4.56 AM', '286', 1),
(286, 2, ' Ponmozhy', '9846 6941 4175', '19, Krishna Society, TeenaPur Darjeeling - 352083\n', '8414034805', 'ICICI Bank Limited', '96520 771316 96952', 'Darjeeling', 950000, 'ICIC7924592', '709831957', '20-1-2017\n', 'Monday', '1', '2017', '9.51 PM', '287', 1),
(287, 2, ' Adhavan', '8739 3248 7892', '69, Teena Nagar, Trichy - 103602', '8416247264', 'Andhra Bank ', '30651 170711 05771', 'Trichy', 45000, 'ANDH9843874', '700002021', '05-2-2018\n', 'Tuesday', '2', '2018', '3.45 PM', '288', 1),
(288, 2, ' Ashreen', '2316 0101 9726', '61, RitikaPur, Nashik - 411798\n', '7488067910', 'IndusInd Bank Limited\n', '77796 036357 26336', 'Nashik', 2378000, 'IBLK2349876', '98235676', '22-1-2017\n', 'Wednesday', '1', '2017', '1.29 AM', '289', 1),
(289, 2, 'Albert', '1382 2770 8926', '47, Ajeet Society, Komal Nagar Alwar - 208110\n', '7088675216', 'TJSB Sahakari Bank\n', '59990 894960 20314\n', 'Komal', 16000, 'TJSB9806547', '654483924', '22-10-2017\n', 'Thursday', '10', '2017', '2.20 PM', '290', 1),
(290, 2, ' Anbu', '2402 4919 6216', '50, Vivek Chowk, Darj- 229855', '8656423442', 'Idbi Bank', '94100 147318 64092', 'Darj', 30000, 'IDBI0002449', '897587689', '\n05-2-2018\n', 'Friday', '2', '2018', '4.00 PM', '291', 1),
(291, 2, ' Chaeralathan', '9706 9849 0412', '67, Darjeeling  Rajkot - 10', '9173308708', 'Bank of India', '60923 548969 04124', 'Rajkot', 120000, 'BOBI8743944', '377078685', '23-3-2018\n', 'Saturday', '3', '2018', '1.24 AM', '292', 1),
(292, 2, ' Anjali', '0564 6971 7350', '92, Goregaon, Hyderabad - 299893\n', '6322525285', 'Kotak Mahindra Bank Limited\n', '76684 967860 21066', 'Hyderabad', 200000, 'KMBL3487943', '9782568', '20-2-2017\n', 'Sunday', '2', '2017', '6.50 PM', '293', 1),
(293, 2, ' Ashreen', '2316 0101 9726', '61, RitikaPur, Nashik - 411798\n', '7488067910', 'IndusInd Bank Limited\n', '77796 036357 26336', 'Nashik', 2378000, 'IBLK2349876', '98235676', '22-1-2017\n', 'Monday', '1', '2017', '1.29 AM', '294', 1),
(294, 2, 'Joseph', '7523 6515 3353', '28, Preshita Chowk, Warangal - 138077\n', '7946989519', 'Thane Bharat Sahakari Bank Ltd.\n', '40672 276592 13888\n', 'Warangal', 61000, 'TBSB7698467', '203034025', '26-9-2017\n', 'Tuesday', '9', '2017', '6.34 AM', '295', 1),
(295, 2, 'Chezhiyan', '8791 1514 2644', '78, Goregaon, Jodhpur  - 48', '6873773425', 'Bank of Maharashtra', '46063 208849 01366\n', 'Jodhpur', 350000, 'BOFM9887564', '73803293', '13-3-2018\n', 'Wednesday', '3', '2018', '3.00 AM', '296', 1),
(296, 2, 'Aadhi', '4243 8749 9345', '86, Model Town, Panaji - 59108', '7815469500', 'State Bank of India\n ', '92888 402982 13880', 'Panaji', 50000, 'STAT0065306', '575065002', '27-1-2018\n', 'Thursday', '1', '2018', '2.00 PM', '297', 1),
(297, 2, ' Archana', '5122 4301 0729', '16, YasminGunj, Thiruvananthapuram - 465872\n', '6396498390', 'Shalini Bank Ltd.\n', '06160 604322 49568\n', 'Thiruvananthapuram', 390000, 'SHAL8754651', '535052558', '19-10-2017\n', 'Friday', '10', '2017', '4.56 AM', '298', 1),
(298, 2, ' Chaeralathan', '9706 9849 0412', '67, Darjeeling  Rajkot - 10', '9173308708', 'Bank of India', '60923 548969 04124', 'Rajkot', 120000, 'BOBI8743944', '377078685', '23-3-2018\n', 'Saturday', '3', '2018', '1.24 AM', '299', 1),
(299, 2, ' Anbu', '2402 4919 6216', '50, Vivek Chowk, Darj- 229855', '8656423442', 'Idbi Bank', '94100 147318 64092', 'Darj', 30000, 'IDBI0002449', '897587689', '\n05-2-2018\n', 'Sunday', '2', '2018', '4.00 PM', '300', 1),
(300, 2, ' Vadivelu', '0294 0095 6347', '71, Baalkrishan Villas, AneesGunj Guwahati - 534540\n', '7551003676', 'Indore Premier Co-operative Bank Ltd. ', '42592 376444 06710\n', 'AneesGunj', 2600000, 'IPCO9875645', '987567865', '22-12-2017\n', 'Monday', '12', '2017', '5.00 AM', '301', 1),
(301, 2, 'Albert', '1382 2770 8926', '47, Ajeet Society, Komal Nagar Alwar - 208110\n', '7088675216', 'TJSB Sahakari Bank\n', '59990 894960 20314\n', 'Komal', 16000, 'TJSB9806547', '654483924', '22-10-2017\n', 'Tuesday', '10', '2017', '2.20 PM', '302', 1),
(302, 2, 'Eelavaenthan', '5857 6766 4970', '1671, Trichy,  - 98', '8653461072', 'Central Bank of India', '86661 303002 31232\n', 'Trichy,', 325000, 'CBOI8743740', '364322548\n', '25-3-2018\n', 'Wednesday', '3', '2018', '8.98 PM', '303', 1),
(303, 2, ' Chaeralathan', '9706 9849 0412', '67, Darjeeling  Rajkot - 10', '9173308708', 'Bank of India', '60923 548969 04124', 'Rajkot', 120000, 'BOBI8743944', '377078685', '23-3-2018\n', 'Thursday', '3', '2018', '1.24 AM', '304', 1),
(304, 2, ' Prabhudeva ', '4899 7368 7247\n', '87, SohailPur, Jaipur - 598397\n', '7466499073', 'YES Bank Limited\n', '28165 602743 08829', 'Jaipur', 1023000, 'YESB8756468', '244658192', '02-6-2017\n', 'Friday', '6', '2017', '4.44 PM', '305', 1),
(305, 2, ' Adhavan', '8739 3248 7892', '69, Teena Nagar, Trichy - 103602', '8416247264', 'Andhra Bank ', '30651 170711 05771', 'Trichy', 45000, 'ANDH9843874', '700002021', '05-2-2018\n', 'Saturday', '2', '2018', '3.45 PM', '306', 1),
(306, 2, ' Chaeralathan', '9706 9849 0412', '67, Darjeeling  Rajkot - 10', '9173308708', 'Bank of India', '60923 548969 04124', 'Rajkot', 120000, 'BOBI8743944', '377078685', '23-3-2018\n', 'Sunday', '3', '2018', '1.24 AM', '307', 1),
(307, 2, 'Joseph', '7523 6515 3353', '28, Preshita Chowk, Warangal - 138077\n', '7946989519', 'Thane Bharat Sahakari Bank Ltd.\n', '40672 276592 13888\n', 'Warangal', 61000, 'TBSB7698467', '203034025', '26-9-2017\n', 'Monday', '9', '2017', '6.34 AM', '308', 1),
(308, 2, ' Ashreen', '2316 0101 9726', '61, RitikaPur, Nashik - 411798\n', '7488067910', 'IndusInd Bank Limited\n', '77796 036357 26336', 'Nashik', 2378000, 'IBLK2349876', '98235676', '22-1-2017\n', 'Tuesday', '1', '2017', '1.29 AM', '309', 1),
(309, 2, ' Anbu', '2402 4919 6216', '50, Vivek Chowk, Darj- 229855', '8656423442', 'Idbi Bank', '94100 147318 64092', 'Darj', 30000, 'IDBI0002449', '897587689', '\n05-2-2018\n', 'Wednesday', '2', '2018', '4.00 PM', '310', 1),
(310, 2, 'Albert', '1382 2770 8926', '47, Ajeet Society, Komal Nagar Alwar - 208110\n', '7088675216', 'TJSB Sahakari Bank\n', '59990 894960 20314\n', 'Komal', 16000, 'TJSB9806547', '654483924', '22-10-2017\n', 'Thursday', '10', '2017', '2.20 PM', '311', 1),
(311, 2, ' Vedhika', '0092 8403 5431', '30, NancyGarh, New Delhi - 304887\n', '9381974700', 'Solapur Janata Sahakari Bank Ltd.\n', '12357 48303 178381\n', 'New Delhi', 12000, 'SJSB8745697', '892707110', '27-9-2017\n', 'Friday', '9', '2017', '6.40 AM', '312', 1),
(312, 2, ' Chaeralathan', '9706 9849 0412', '67, Darjeeling  Rajkot - 10', '9173308708', 'Bank of India', '60923 548969 04124', 'Rajkot', 120000, 'BOBI8743944', '377078685', '23-3-2018\n', 'Saturday', '3', '2018', '1.24 AM', '313', 1),
(313, 2, ' Hafeeza ', '8149 4965 2984', '52, Wahid Society, AnandGarh Nashik - 348148\n', '8925503602', 'Punjab & Sind Bank', '13222 291810 03344', 'Nashik', 669000, 'PSBK0987439', '373960696', '24-8-2018\n', 'Sunday', '8', '2018', '2.43 PM', '314', 1),
(314, 2, ' Swathi', '1426 9759 0751', '84, Cyber City, Pune - 348089\n', '9040354801', 'NKGSB Co-operative Bank Ltd., Mumbai\n', '16224 644844 11668\n', 'Pune', 32000, 'NOBL9034567', '80943171', '10-9-2017\n', 'Monday', '9', '2017', '4.03 PM', '315', 1),
(315, 2, ' Luxmi', '8536 5333 2266', '51, Charlie Villas, Taahid Nagar Jammu - 588739\n', '7965268089', 'RBL Bank Limited\n', '87099 716606 88102', 'Taahid', 99000, 'RBLB7658685', '222754424\n', '05-4-2017\n', 'Tuesday', '4', '2017', '1.54 PM', '316', 1),
(316, 2, ' Archana', '5122 4301 0729', '16, YasminGunj, Thiruvananthapuram - 465872\n', '6396498390', 'Shalini Bank Ltd.\n', '06160 604322 49568\n', 'Thiruvananthapuram', 390000, 'SHAL8754651', '535052558', '19-10-2017\n', 'Wednesday', '10', '2017', '4.56 AM', '317', 1),
(317, 2, 'Aadhi', '4243 8749 9345', '86, Model Town, Panaji - 59108', '7815469500', 'State Bank of India\n ', '92888 402982 13880', 'Panaji', 50000, 'STAT0065306', '575065002', '27-1-2018\n', 'Thursday', '1', '2018', '2.00 PM', '318', 1),
(318, 2, ' Vadivelu', '0294 0095 6347', '71, Baalkrishan Villas, AneesGunj Guwahati - 534540\n', '7551003676', 'Indore Premier Co-operative Bank Ltd. ', '42592 376444 06710\n', 'AneesGunj', 2600000, 'IPCO9875645', '987567865', '22-12-2017\n', 'Friday', '12', '2017', '5.00 AM', '319', 1),
(319, 2, ' Chaeralathan', '9706 9849 0412', '67, Darjeeling  Rajkot - 10', '9173308708', 'Bank of India', '60923 548969 04124', 'Rajkot', 120000, 'BOBI8743944', '377078685', '23-3-2018\n', 'Saturday', '3', '2018', '1.24 AM', '320', 1),
(320, 2, 'Albert', '1382 2770 8926', '47, Ajeet Society, Komal Nagar Alwar - 208110\n', '7088675216', 'TJSB Sahakari Bank\n', '59990 894960 20314\n', 'Komal', 16000, 'TJSB9806547', '654483924', '22-10-2017\n', 'Sunday', '10', '2017', '2.20 PM', '321', 1),
(321, 2, ' Eniyan ', '4130 9187 2653', '45, Bandra, Nagpur - 503460\n', '9172560012', 'CorporationBank', '35606 945728 05290\n', 'Nagpur', 77000, 'COBA2134879', '852685516\n', '18-5-2018\n', 'Monday', '5', '2018', '4.56 AM', '322', 1),
(322, 2, 'Joseph', '7523 6515 3353', '28, Preshita Chowk, Warangal - 138077\n', '7946989519', 'Thane Bharat Sahakari Bank Ltd.\n', '40672 276592 13888\n', 'Warangal', 61000, 'TBSB7698467', '203034025', '26-9-2017\n', 'Tuesday', '9', '2017', '6.34 AM', '323', 1),
(323, 2, ' Ashreen', '2316 0101 9726', '61, RitikaPur, Nashik - 411798\n', '7488067910', 'IndusInd Bank Limited\n', '77796 036357 26336', 'Nashik', 2378000, 'IBLK2349876', '98235676', '22-1-2017\n', 'Wednesday', '1', '2017', '1.29 AM', '324', 1),
(324, 2, ' Anbu', '2402 4919 6216', '50, Vivek Chowk, Darj- 229855', '8656423442', 'Idbi Bank', '94100 147318 64092', 'Darj', 30000, 'IDBI0002449', '897587689', '\n05-2-2018\n', 'Thursday', '2', '2018', '4.00 PM', '325', 1),
(325, 2, 'Albert', '1382 2770 8926', '47, Ajeet Society, Komal Nagar Alwar - 208110\n', '7088675216', 'TJSB Sahakari Bank\n', '59990 894960 20314\n', 'Komal', 16000, 'TJSB9806547', '654483924', '22-10-2017\n', 'Friday', '10', '2017', '2.20 PM', '326', 1),
(326, 2, ' Hafeeza ', '8149 4965 2984', '52, Wahid Society, AnandGarh Nashik - 348148\n', '8925503602', 'Punjab & Sind Bank', '13222 291810 03344', 'Nashik', 669000, 'PSBK0987439', '373960696', '24-8-2018\n', 'Saturday', '8', '2018', '2.43 PM', '327', 1),
(327, 2, ' Vedhika', '0092 8403 5431', '30, NancyGarh, New Delhi - 304887\n', '9381974700', 'Solapur Janata Sahakari Bank Ltd.\n', '12357 48303 178381\n', 'New Delhi', 12000, 'SJSB8745697', '892707110', '27-9-2017\n', 'Sunday', '9', '2017', '6.40 AM', '328', 1),
(328, 2, 'Joseph', '7523 6515 3353', '28, Preshita Chowk, Warangal - 138077\n', '7946989519', 'Thane Bharat Sahakari Bank Ltd.\n', '40672 276592 13888\n', 'Warangal', 61000, 'TBSB7698467', '203034025', '26-9-2017\n', 'Monday', '9', '2017', '6.34 AM', '329', 1),
(329, 2, ' Chaeralathan', '9706 9849 0412', '67, Darjeeling  Rajkot - 10', '9173308708', 'Bank of India', '60923 548969 04124', 'Rajkot', 120000, 'BOBI8743944', '377078685', '23-3-2018\n', 'Tuesday', '3', '2018', '1.24 AM', '330', 1),
(330, 2, 'Joseph', '7523 6515 3353', '28, Preshita Chowk, Warangal - 138077\n', '7946989519', 'Thane Bharat Sahakari Bank Ltd.\n', '40672 276592 13888\n', 'Warangal', 61000, 'TBSB7698467', '203034025', '26-9-2017\n', 'Wednesday', '9', '2017', '6.34 AM', '331', 1),
(331, 2, ' Dhanush', '2127 3620 7845', '54, Aruna Apartments, Rachel Nagar Surat - 396695\n', '6882473846', 'South Indian Bank Limited\n', '54254 477931 34807', 'Rachel', 15000, 'SIBL1231246', '284921738\n', '25-4-2017\n', 'Thursday', '4', '2017', '5.37 PM', '332', 1),
(332, 2, ' Adhavan', '8739 3248 7892', '69, Teena Nagar, Trichy - 103602', '8416247264', 'Andhra Bank ', '30651 170711 05771', 'Trichy', 45000, 'ANDH9843874', '700002021', '05-2-2018\n', 'Friday', '2', '2018', '3.45 PM', '333', 1),
(333, 2, ' Hafeeza ', '8149 4965 2984', '52, Wahid Society, AnandGarh Nashik - 348148\n', '8925503602', 'Punjab & Sind Bank', '13222 291810 03344', 'Nashik', 669000, 'PSBK0987439', '373960696', '24-8-2018\n', 'Saturday', '8', '2018', '2.43 PM', '334', 1),
(334, 2, ' Eniyan ', '4130 9187 2653', '45, Bandra, Nagpur - 503460\n', '9172560012', 'CorporationBank', '35606 945728 05290\n', 'Nagpur', 77000, 'COBA2134879', '852685516\n', '18-5-2018\n', 'Sunday', '5', '2018', '4.56 AM', '335', 1),
(335, 2, ' Archana', '5122 4301 0729', '16, YasminGunj, Thiruvananthapuram - 465872\n', '6396498390', 'Shalini Bank Ltd.\n', '06160 604322 49568\n', 'Thiruvananthapuram', 390000, 'SHAL8754651', '535052558', '19-10-2017\n', 'Monday', '10', '2017', '4.56 AM', '336', 1),
(336, 2, ' Vadivelu', '0294 0095 6347', '71, Baalkrishan Villas, AneesGunj Guwahati - 534540\n', '7551003676', 'Indore Premier Co-operative Bank Ltd. ', '42592 376444 06710\n', 'AneesGunj', 2600000, 'IPCO9875645', '987567865', '22-12-2017\n', 'Tuesday', '12', '2017', '5.00 AM', '337', 1),
(337, 2, ' Anbu', '2402 4919 6216', '50, Vivek Chowk, Darj- 229855', '8656423442', 'Idbi Bank', '94100 147318 64092', 'Darj', 30000, 'IDBI0002449', '897587689', '\n05-2-2018\n', 'Wednesday', '2', '2018', '4.00 PM', '338', 1),
(338, 2, 'Albert', '1382 2770 8926', '47, Ajeet Society, Komal Nagar Alwar - 208110\n', '7088675216', 'TJSB Sahakari Bank\n', '59990 894960 20314\n', 'Komal', 16000, 'TJSB9806547', '654483924', '22-10-2017\n', 'Thursday', '10', '2017', '2.20 PM', '339', 1),
(339, 2, ' Eelamaran ', '8342 7731 1033', '1009, Goregaon, Rajkot - 49', '8571513469', 'Canara Bank', '91343 245436 04179\n', 'Rajkot', 1000000, 'CBOI6437872', '417634885\n', '22-3-2018\n', 'Friday', '3', '2018', '9.46 PM', '340', 1),
(340, 2, ' Ashreen', '2316 0101 9726', '61, RitikaPur, Nashik - 411798\n', '7488067910', 'IndusInd Bank Limited\n', '77796 036357 26336', 'Nashik', 2378000, 'IBLK2349876', '98235676', '22-1-2017\n', 'Saturday', '1', '2017', '1.29 AM', '341', 1),
(341, 2, ' Dhanush', '2127 3620 7845', '54, Aruna Apartments, Rachel Nagar Surat - 396695\n', '6882473846', 'South Indian Bank Limited\n', '54254 477931 34807', 'Rachel', 15000, 'SIBL1231246', '284921738\n', '25-4-2017\n', 'Sunday', '4', '2017', '5.37 PM', '342', 1),
(342, 2, 'Aadhi', '4243 8749 9345', '86, Model Town, Panaji - 59108', '7815469500', 'State Bank of India\n ', '92888 402982 13880', 'Panaji', 50000, 'STAT0065306', '575065002', '27-1-2018\n', 'Monday', '1', '2018', '2.00 PM', '343', 1),
(343, 2, 'Albert', '1382 2770 8926', '47, Ajeet Society, Komal Nagar Alwar - 208110\n', '7088675216', 'TJSB Sahakari Bank\n', '59990 894960 20314\n', 'Komal', 16000, 'TJSB9806547', '654483924', '22-10-2017\n', 'Tuesday', '10', '2017', '2.20 PM', '344', 1),
(344, 2, ' Dhanush', '2127 3620 7845', '54, Aruna Apartments, Rachel Nagar Surat - 396695\n', '6882473846', 'South Indian Bank Limited\n', '54254 477931 34807', 'Rachel', 15000, 'SIBL1231246', '284921738\n', '25-4-2017\n', 'Wednesday', '4', '2017', '5.37 PM', '345', 1),
(345, 2, ' Anbu', '2402 4919 6216', '50, Vivek Chowk, Darj- 229855', '8656423442', 'Idbi Bank', '94100 147318 64092', 'Darj', 30000, 'IDBI0002449', '897587689', '\n05-2-2018\n', 'Thursday', '2', '2018', '4.00 PM', '346', 1),
(346, 2, ' Prabhudeva ', '4899 7368 7247\n', '87, SohailPur, Jaipur - 598397\n', '7466499073', 'YES Bank Limited\n', '28165 602743 08829', 'Jaipur', 1023000, 'YESB8756468', '244658192', '02-6-2017\n', 'Friday', '6', '2017', '4.44 PM', '347', 1),
(347, 2, ' Archana', '5122 4301 0729', '16, YasminGunj, Thiruvananthapuram - 465872\n', '6396498390', 'Shalini Bank Ltd.\n', '06160 604322 49568\n', 'Thiruvananthapuram', 390000, 'SHAL8754651', '535052558', '19-10-2017\n', 'Saturday', '10', '2017', '4.56 AM', '348', 1),
(348, 2, 'Joseph', '7523 6515 3353', '28, Preshita Chowk, Warangal - 138077\n', '7946989519', 'Thane Bharat Sahakari Bank Ltd.\n', '40672 276592 13888\n', 'Warangal', 61000, 'TBSB7698467', '203034025', '26-9-2017\n', 'Sunday', '9', '2017', '6.34 AM', '349', 1),
(349, 2, ' Archana', '5122 4301 0729', '16, YasminGunj, Thiruvananthapuram - 465872\n', '6396498390', 'Shalini Bank Ltd.\n', '06160 604322 49568\n', 'Thiruvananthapuram', 390000, 'SHAL8754651', '535052558', '19-10-2017\n', 'Monday', '10', '2017', '4.56 AM', '350', 1),
(350, 2, ' Adhavan', '8739 3248 7892', '69, Teena Nagar, Trichy - 103602', '8416247264', 'Andhra Bank ', '30651 170711 05771', 'Trichy', 45000, 'ANDH9843874', '700002021', '05-2-2018\n', 'Tuesday', '2', '2018', '3.45 PM', '351', 1),
(351, 2, ' Hafeeza ', '8149 4965 2984', '52, Wahid Society, AnandGarh Nashik - 348148\n', '8925503602', 'Punjab & Sind Bank', '13222 291810 03344', 'Nashik', 669000, 'PSBK0987439', '373960696', '24-8-2018\n', 'Wednesday', '8', '2018', '2.43 PM', '352', 1),
(352, 2, ' Vedhika', '0092 8403 5431', '30, NancyGarh, New Delhi - 304887\n', '9381974700', 'Solapur Janata Sahakari Bank Ltd.\n', '12357 48303 178381\n', 'New Delhi', 12000, 'SJSB8745697', '892707110', '27-9-2017\n', 'Thursday', '9', '2017', '6.40 AM', '353', 1),
(353, 2, 'Albert', '1382 2770 8926', '47, Ajeet Society, Komal Nagar Alwar - 208110\n', '7088675216', 'TJSB Sahakari Bank\n', '59990 894960 20314\n', 'Komal', 16000, 'TJSB9806547', '654483924', '22-10-2017\n', 'Friday', '10', '2017', '2.20 PM', '354', 1),
(354, 2, ' Vadivelu', '0294 0095 6347', '71, Baalkrishan Villas, AneesGunj Guwahati - 534540\n', '7551003676', 'Indore Premier Co-operative Bank Ltd. ', '42592 376444 06710\n', 'AneesGunj', 2600000, 'IPCO9875645', '987567865', '22-12-2017\n', 'Saturday', '12', '2017', '5.00 AM', '355', 1),
(355, 2, ' Ashreen', '2316 0101 9726', '61, RitikaPur, Nashik - 411798\n', '7488067910', 'IndusInd Bank Limited\n', '77796 036357 26336', 'Nashik', 2378000, 'IBLK2349876', '98235676', '22-1-2017\n', 'Sunday', '1', '2017', '1.29 AM', '356', 1),
(356, 2, ' Chaeralathan', '9706 9849 0412', '67, Darjeeling  Rajkot - 10', '9173308708', 'Bank of India', '60923 548969 04124', 'Rajkot', 120000, 'BOBI8743944', '377078685', '23-3-2018\n', 'Monday', '3', '2018', '1.24 AM', '357', 1),
(357, 2, 'Aadhi', '4243 8749 9345', '86, Model Town, Panaji - 59108', '7815469500', 'State Bank of India\n ', '92888 402982 13880', 'Panaji', 50000, 'STAT0065306', '575065002', '27-1-2018\n', 'Tuesday', '1', '2018', '2.00 PM', '358', 1),
(358, 2, ' Anjali', '0564 6971 7350', '92, Goregaon, Hyderabad - 299893\n', '6322525285', 'Kotak Mahindra Bank Limited\n', '76684 967860 21066', 'Hyderabad', 200000, 'KMBL3487943', '9782568', '20-2-2017\n', 'Wednesday', '2', '2017', '6.50 PM', '359', 1),
(359, 2, 'Albert', '1382 2770 8926', '47, Ajeet Society, Komal Nagar Alwar - 208110\n', '7088675216', 'TJSB Sahakari Bank\n', '59990 894960 20314\n', 'Komal', 16000, 'TJSB9806547', '654483924', '22-10-2017\n', 'Thursday', '10', '2017', '2.20 PM', '360', 1),
(360, 2, ' Chaeralathan', '9706 9849 0412', '67, Darjeeling  Rajkot - 10', '9173308708', 'Bank of India', '60923 548969 04124', 'Rajkot', 120000, 'BOBI8743944', '377078685', '23-3-2018\n', 'Friday', '3', '2018', '1.24 AM', '361', 1),
(361, 2, ' Dhanush', '2127 3620 7845', '54, Aruna Apartments, Rachel Nagar Surat - 396695\n', '6882473846', 'South Indian Bank Limited\n', '54254 477931 34807', 'Rachel', 15000, 'SIBL1231246', '284921738\n', '25-4-2017\n', 'Saturday', '4', '2017', '5.37 PM', '362', 1),
(362, 2, ' Ashreen', '2316 0101 9726', '61, RitikaPur, Nashik - 411798\n', '7488067910', 'IndusInd Bank Limited\n', '77796 036357 26336', 'Nashik', 2378000, 'IBLK2349876', '98235676', '22-1-2017\n', 'Sunday', '1', '2017', '1.29 AM', '363', 1),
(363, 2, ' Anbu', '2402 4919 6216', '50, Vivek Chowk, Darj- 229855', '8656423442', 'Idbi Bank', '94100 147318 64092', 'Darj', 30000, 'IDBI0002449', '897587689', '\n05-2-2018\n', 'Monday', '2', '2018', '4.00 PM', '364', 1),
(364, 2, ' Hafeeza ', '8149 4965 2984', '52, Wahid Society, AnandGarh Nashik - 348148\n', '8925503602', 'Punjab & Sind Bank', '13222 291810 03344', 'Nashik', 669000, 'PSBK0987439', '373960696', '24-8-2018\n', 'Tuesday', '8', '2018', '2.43 PM', '365', 1),
(365, 2, 'Joseph', '7523 6515 3353', '28, Preshita Chowk, Warangal - 138077\n', '7946989519', 'Thane Bharat Sahakari Bank Ltd.\n', '40672 276592 13888\n', 'Warangal', 61000, 'TBSB7698467', '203034025', '26-9-2017\n', 'Wednesday', '9', '2017', '6.34 AM', '366', 1),
(366, 2, ' Luxmi', '8536 5333 2266', '51, Charlie Villas, Taahid Nagar Jammu - 588739\n', '7965268089', 'RBL Bank Limited\n', '87099 716606 88102', 'Taahid', 99000, 'RBLB7658685', '222754424\n', '05-4-2017\n', 'Thursday', '4', '2017', '1.54 PM', '367', 1),
(367, 2, ' Archana', '5122 4301 0729', '16, YasminGunj, Thiruvananthapuram - 465872\n', '6396498390', 'Shalini Bank Ltd.\n', '06160 604322 49568\n', 'Thiruvananthapuram', 390000, 'SHAL8754651', '535052558', '19-10-2017\n', 'Friday', '10', '2017', '4.56 AM', '368', 1),
(368, 2, ' Adhavan', '8739 3248 7892', '69, Teena Nagar, Trichy - 103602', '8416247264', 'Andhra Bank ', '30651 170711 05771', 'Trichy', 45000, 'ANDH9843874', '700002021', '05-2-2018\n', 'Saturday', '2', '2018', '3.45 PM', '369', 1),
(369, 2, ' Hafeeza ', '8149 4965 2984', '52, Wahid Society, AnandGarh Nashik - 348148\n', '8925503602', 'Punjab & Sind Bank', '13222 291810 03344', 'Nashik', 669000, 'PSBK0987439', '373960696', '24-8-2018\n', 'Sunday', '8', '2018', '2.43 PM', '370', 1),
(370, 2, ' Eniyan ', '4130 9187 2653', '45, Bandra, Nagpur - 503460\n', '9172560012', 'CorporationBank', '35606 945728 05290\n', 'Nagpur', 77000, 'COBA2134879', '852685516\n', '18-5-2018\n', 'Monday', '5', '2018', '4.56 AM', '371', 1),
(371, 2, ' Hafeeza ', '8149 4965 2984', '52, Wahid Society, AnandGarh Nashik - 348148\n', '8925503602', 'Punjab & Sind Bank', '13222 291810 03344', 'Nashik', 669000, 'PSBK0987439', '373960696', '24-8-2018\n', 'Tuesday', '8', '2018', '2.43 PM', '372', 1),
(372, 2, ' Vadivelu', '0294 0095 6347', '71, Baalkrishan Villas, AneesGunj Guwahati - 534540\n', '7551003676', 'Indore Premier Co-operative Bank Ltd. ', '42592 376444 06710\n', 'AneesGunj', 2600000, 'IPCO9875645', '987567865', '22-12-2017\n', 'Wednesday', '12', '2017', '5.00 AM', '373', 1),
(373, 2, ' Anbu', '2402 4919 6216', '50, Vivek Chowk, Darj- 229855', '8656423442', 'Idbi Bank', '94100 147318 64092', 'Darj', 30000, 'IDBI0002449', '897587689', '\n05-2-2018\n', 'Thursday', '2', '2018', '4.00 PM', '374', 1),
(374, 2, ' Anjali', '0564 6971 7350', '92, Goregaon, Hyderabad - 299893\n', '6322525285', 'Kotak Mahindra Bank Limited\n', '76684 967860 21066', 'Hyderabad', 200000, 'KMBL3487943', '9782568', '20-2-2017\n', 'Friday', '2', '2017', '6.50 PM', '375', 1),
(375, 2, 'Albert', '1382 2770 8926', '47, Ajeet Society, Komal Nagar Alwar - 208110\n', '7088675216', 'TJSB Sahakari Bank\n', '59990 894960 20314\n', 'Komal', 16000, 'TJSB9806547', '654483924', '22-10-2017\n', 'Saturday', '10', '2017', '2.20 PM', '376', 1),
(376, 2, ' Chaeralathan', '9706 9849 0412', '67, Darjeeling  Rajkot - 10', '9173308708', 'Bank of India', '60923 548969 04124', 'Rajkot', 120000, 'BOBI8743944', '377078685', '23-3-2018\n', 'Sunday', '3', '2018', '1.24 AM', '377', 1),
(377, 2, 'Ajith', '3383 5710 3724', '39, John Apartments, NazirGarh Noida - 144086\n', '7945816211', 'Lakshmi Vilas Bank Limited\n', '29708 19882 444351', 'NazirGarh', 550000, 'LVBL8765879', '138565834\n', '21-2-2017\n', 'Monday', '2', '2017', '7.00 AM', '378', 1),
(378, 2, 'Albert', '1382 2770 8926', '47, Ajeet Society, Komal Nagar Alwar - 208110\n', '7088675216', 'TJSB Sahakari Bank\n', '59990 894960 20314\n', 'Komal', 16000, 'TJSB9806547', '654483924', '22-10-2017\n', 'Tuesday', '10', '2017', '2.20 PM', '379', 1),
(379, 2, 'Pulikesi ', '5436 7894 8749', '71, Divya Apartments, AkankshaPur Indore - 562247', '6884837982', 'Syndicate Bank', '\n8292553611498868\n', 'Indore', 90000, 'SYBK6488399', '71091266', '26-6-2018\n', 'Wednesday', '6', '2018', '5.35 AM', '380', 1),
(380, 2, ' Anjali', '0564 6971 7350', '92, Goregaon, Hyderabad - 299893\n', '6322525285', 'Kotak Mahindra Bank Limited\n', '76684 967860 21066', 'Hyderabad', 200000, 'KMBL3487943', '9782568', '20-2-2017\n', 'Thursday', '2', '2017', '6.50 PM', '381', 1),
(381, 2, ' Eelamaran ', '8342 7731 1033', '1009, Goregaon, Rajkot - 49', '8571513469', 'Canara Bank', '91343 245436 04179\n', 'Rajkot', 1000000, 'CBOI6437872', '417634885\n', '22-3-2018\n', 'Friday', '3', '2018', '9.46 PM', '382', 1),
(382, 2, ' Anbu', '2402 4919 6216', '50, Vivek Chowk, Darj- 229855', '8656423442', 'Idbi Bank', '94100 147318 64092', 'Darj', 30000, 'IDBI0002449', '897587689', '\n05-2-2018\n', 'Saturday', '2', '2018', '4.00 PM', '383', 1),
(383, 2, ' Hafeeza ', '8149 4965 2984', '52, Wahid Society, AnandGarh Nashik - 348148\n', '8925503602', 'Punjab & Sind Bank', '13222 291810 03344', 'Nashik', 669000, 'PSBK0987439', '373960696', '24-8-2018\n', 'Sunday', '8', '2018', '2.43 PM', '384', 1),
(384, 2, 'Joseph', '7523 6515 3353', '28, Preshita Chowk, Warangal - 138077\n', '7946989519', 'Thane Bharat Sahakari Bank Ltd.\n', '40672 276592 13888\n', 'Warangal', 61000, 'TBSB7698467', '203034025', '26-9-2017\n', 'Monday', '9', '2017', '6.34 AM', '385', 1),
(385, 2, ' Dhanush', '2127 3620 7845', '54, Aruna Apartments, Rachel Nagar Surat - 396695\n', '6882473846', 'South Indian Bank Limited\n', '54254 477931 34807', 'Rachel', 15000, 'SIBL1231246', '284921738\n', '25-4-2017\n', 'Tuesday', '4', '2017', '5.37 PM', '386', 1),
(386, 2, ' Hafeeza ', '8149 4965 2984', '52, Wahid Society, AnandGarh Nashik - 348148\n', '8925503602', 'Punjab & Sind Bank', '13222 291810 03344', 'Nashik', 669000, 'PSBK0987439', '373960696', '24-8-2018\n', 'Wednesday', '8', '2018', '2.43 PM', '387', 1),
(387, 2, 'Aadhi', '4243 8749 9345', '86, Model Town, Panaji - 59108', '7815469500', 'State Bank of India\n ', '92888 402982 13880', 'Panaji', 50000, 'STAT0065306', '575065002', '27-1-2018\n', 'Thursday', '1', '', '2.00 PM', '388', 1),
(388, 2, ' Hafeeza ', '8149 4965 2984', '52, Wahid Society, AnandGarh Nashik - 348148\n', '8925503602', 'Punjab & Sind Bank', '13222 291810 03344', 'Nashik', 669000, 'PSBK0987439', '373960696', '24-8-2018\n', 'Friday', '8', '2018', '2.43 PM', '389', 1),
(389, 2, 'Albert', '1382 2770 8926', '47, Ajeet Society, Komal Nagar Alwar - 208110\n', '7088675216', 'TJSB Sahakari Bank\n', '59990 894960 20314\n', 'Komal', 16000, 'TJSB9806547', '654483924', '22-10-2017\n', 'Saturday', '10', '2017', '2.20 PM', '390', 1),
(390, 2, ' Vadivelu', '0294 0095 6347', '71, Baalkrishan Villas, AneesGunj Guwahati - 534540\n', '7551003676', 'Indore Premier Co-operative Bank Ltd. ', '42592 376444 06710\n', 'AneesGunj', 2600000, 'IPCO9875645', '987567865', '22-12-2017\n', 'Sunday', '12', '2017', '5.00 AM', '391', 1),
(391, 2, ' Farid ', '8659 7686 9003', '22, KarimGunj, Guwahati - 312551\n', '9126219575', 'Bandhan Bank Limited', '30446 068273 81810', 'Guwahati', 34000, 'BBLK8490579', '475874543', '31-10-2018\n', 'Monday', '10', '2018', '2.48 AM', '392', 1),
(392, 2, ' Eniyan ', '4130 9187 2653', '45, Bandra, Nagpur - 503460\n', '9172560012', 'CorporationBank', '35606 945728 05290\n', 'Nagpur', 77000, 'COBA2134879', '852685516\n', '18-5-2018\n', 'Tuesday', '5', '2018', '4.56 AM', '393', 1),
(393, 2, ' Archana', '5122 4301 0729', '16, YasminGunj, Thiruvananthapuram - 465872\n', '6396498390', 'Shalini Bank Ltd.\n', '06160 604322 49568\n', 'Thiruvananthapuram', 390000, 'SHAL8754651', '535052558', '19-10-2017\n', 'Wednesday', '10', '2017', '4.56 AM', '394', 1),
(394, 2, ' Anbu', '2402 4919 6216', '50, Vivek Chowk, Darj- 229855', '8656423442', 'Idbi Bank', '94100 147318 64092', 'Darj', 30000, 'IDBI0002449', '897587689', '\n05-2-2018\n', 'Thursday', '2', '2018', '4.00 PM', '395', 1),
(395, 2, 'Albert', '1382 2770 8926', '47, Ajeet Society, Komal Nagar Alwar - 208110\n', '7088675216', 'TJSB Sahakari Bank\n', '59990 894960 20314\n', 'Komal', 16000, 'TJSB9806547', '654483924', '22-10-2017\n', 'Friday', '10', '2017', '2.20 PM', '396', 1),
(396, 2, ' Hafeeza ', '8149 4965 2984', '52, Wahid Society, AnandGarh Nashik - 348148\n', '8925503602', 'Punjab & Sind Bank', '13222 291810 03344', 'Nashik', 669000, 'PSBK0987439', '373960696', '24-8-2018\n', 'Saturday', '8', '2018', '2.43 PM', '397', 1),
(397, 2, ' Chaeralathan', '9706 9849 0412', '67, Darjeeling  Rajkot - 10', '9173308708', 'Bank of India', '60923 548969 04124', 'Rajkot', 120000, 'BOBI8743944', '377078685', '23-3-2018\n', 'Sunday', '3', '2018', '1.24 AM', '398', 1),
(398, 2, ' Hafeeza ', '8149 4965 2984', '52, Wahid Society, AnandGarh Nashik - 348148\n', '8925503602', 'Punjab & Sind Bank', '13222 291810 03344', 'Nashik', 669000, 'PSBK0987439', '373960696', '24-8-2018\n', 'Monday', '8', '2018', '2.43 PM', '399', 1),
(399, 2, 'Joseph', '7523 6515 3353', '28, Preshita Chowk, Warangal - 138077\n', '7946989519', 'Thane Bharat Sahakari Bank Ltd.\n', '40672 276592 13888\n', 'Warangal', 61000, 'TBSB7698467', '203034025', '26-9-2017\n', 'Tuesday', '9', '2017', '6.34 AM', '400', 1);
INSERT INTO `cyber_alert_givertransaction` (`id`, `userid_id`, `name`, `aadharno`, `address`, `mobileno`, `bankname`, `accountno`, `branchname`, `amount`, `ifsccode`, `micrcode`, `date`, `day`, `month`, `year`, `time`, `transationid`, `countone`) VALUES
(400, 2, 'Albert', '1382 2770 8926', '47, Ajeet Society, Komal Nagar Alwar - 208110\n', '7088675216', 'TJSB Sahakari Bank\n', '59990 894960 20314\n', 'Komal', 16000, 'TJSB9806547', '654483924', '22-10-2017\n', 'Wednesday', '10', '2017', '2.20 PM', '401', 1),
(401, 2, ' Eelamaran ', '8342 7731 1033', '1009, Goregaon, Rajkot - 49', '8571513469', 'Canara Bank', '91343 245436 04179\n', 'Rajkot', 1000000, 'CBOI6437872', '417634885\n', '22-3-2018\n', 'Thursday', '3', '2018', '9.46 PM', '402', 1),
(402, 2, 'Joseph', '7523 6515 3353', '28, Preshita Chowk, Warangal - 138077\n', '7946989519', 'Thane Bharat Sahakari Bank Ltd.\n', '40672 276592 13888\n', 'Warangal', 61000, 'TBSB7698467', '203034025', '26-9-2017\n', 'Friday', '9', '2017', '6.34 AM', '403', 1),
(403, 2, 'Albert', '1382 2770 8926', '47, Ajeet Society, Komal Nagar Alwar - 208110\n', '7088675216', 'TJSB Sahakari Bank\n', '59990 894960 20314\n', 'Komal', 16000, 'TJSB9806547', '654483924', '22-10-2017\n', 'Saturday', '10', '2017', '2.20 PM', '404', 1),
(404, 2, ' Adhavan', '8739 3248 7892', '69, Teena Nagar, Trichy - 103602', '8416247264', 'Andhra Bank ', '30651 170711 05771', 'Trichy', 45000, 'ANDH9843874', '700002021', '05-2-2018\n', 'Sunday', '2', '', '3.45 PM', '405', 1),
(405, 2, ' Hafeeza ', '8149 4965 2984', '52, Wahid Society, AnandGarh Nashik - 348148\n', '8925503602', 'Punjab & Sind Bank', '13222 291810 03344', 'Nashik', 669000, 'PSBK0987439', '373960696', '24-8-2018\n', 'Monday', '8', '2018', '2.43 PM', '406', 1),
(406, 2, ' Eniyan ', '4130 9187 2653', '45, Bandra, Nagpur - 503460\n', '9172560012', 'CorporationBank', '35606 945728 05290\n', 'Nagpur', 77000, 'COBA2134879', '852685516\n', '18-5-2018\n', 'Tuesday', '5', '2018', '4.56 AM', '407', 1),
(407, 2, ' Hafeeza ', '8149 4965 2984', '52, Wahid Society, AnandGarh Nashik - 348148\n', '8925503602', 'Punjab & Sind Bank', '13222 291810 03344', 'Nashik', 669000, 'PSBK0987439', '373960696', '24-8-2018\n', 'Wednesday', '8', '2018', '2.43 PM', '408', 1),
(408, 2, ' Vadivelu', '0294 0095 6347', '71, Baalkrishan Villas, AneesGunj Guwahati - 534540\n', '7551003676', 'Indore Premier Co-operative Bank Ltd. ', '42592 376444 06710\n', 'AneesGunj', 2600000, 'IPCO9875645', '987567865', '22-12-2017\n', 'Thursday', '12', '2017', '5.00 AM', '409', 1),
(409, 2, ' Anbu', '2402 4919 6216', '50, Vivek Chowk, Darj- 229855', '8656423442', 'Idbi Bank', '94100 147318 64092', 'Darj', 30000, 'IDBI0002449', '897587689', '\n05-2-2018\n', 'Friday', '2', '2018', '4.00 PM', '410', 1),
(410, 2, ' Dhanush', '2127 3620 7845', '54, Aruna Apartments, Rachel Nagar Surat - 396695\n', '6882473846', 'South Indian Bank Limited\n', '54254 477931 34807', 'Rachel', 15000, 'SIBL1231246', '284921738\n', '25-4-2017\n', 'Saturday', '4', '2017', '5.37 PM', '411', 1),
(411, 2, 'Joseph', '7523 6515 3353', '28, Preshita Chowk, Warangal - 138077\n', '7946989519', 'Thane Bharat Sahakari Bank Ltd.\n', '40672 276592 13888\n', 'Warangal', 61000, 'TBSB7698467', '203034025', '26-9-2017\n', 'Sunday', '9', '2017', '6.34 AM', '412', 1),
(412, 2, 'Albert', '1382 2770 8926', '47, Ajeet Society, Komal Nagar Alwar - 208110\n', '7088675216', 'TJSB Sahakari Bank\n', '59990 894960 20314\n', 'Komal', 16000, 'TJSB9806547', '654483924', '22-10-2017\n', 'Monday', '10', '2017', '2.20 PM', '413', 1),
(413, 2, 'Pulikesi ', '5436 7894 8749', '71, Divya Apartments, AkankshaPur Indore - 562247', '6884837982', 'Syndicate Bank', '\n8292553611498868\n', 'Indore', 90000, 'SYBK6488399', '71091266', '26-6-2018\n', 'Tuesday', '6', '2018', '5.35 AM', '414', 1),
(414, 2, 'Albert', '1382 2770 8926', '47, Ajeet Society, Komal Nagar Alwar - 208110\n', '7088675216', 'TJSB Sahakari Bank\n', '59990 894960 20314\n', 'Komal', 16000, 'TJSB9806547', '654483924', '22-10-2017\n', 'Wednesday', '10', '2017', '2.20 PM', '415', 1),
(415, 2, ' Anjali', '0564 6971 7350', '92, Goregaon, Hyderabad - 299893\n', '6322525285', 'Kotak Mahindra Bank Limited\n', '76684 967860 21066', 'Hyderabad', 200000, 'KMBL3487943', '9782568', '20-2-2017\n', 'Thursday', '2', '2017', '6.50 PM', '416', 1),
(416, 2, ' Hafeeza ', '8149 4965 2984', '52, Wahid Society, AnandGarh Nashik - 348148\n', '8925503602', 'Punjab & Sind Bank', '13222 291810 03344', 'Nashik', 669000, 'PSBK0987439', '373960696', '24-8-2018\n', 'Friday', '8', '2018', '2.43 PM', '417', 1),
(417, 2, 'Aadhi', '4243 8749 9345', '86, Model Town, Panaji - 59108', '7815469500', 'State Bank of India\n ', '92888 402982 13880', 'Panaji', 50000, 'STAT0065306', '575065002', '27-1-2018\n', 'Saturday', '1', '2018', '2.00 PM', '418', 1),
(418, 2, 'Chezhiyan', '8791 1514 2644', '78, Goregaon, Jodhpur  - 48', '6873773425', 'Bank of Maharashtra', '46063 208849 01366\n', 'Jodhpur', 350000, 'BOFM9887564', '73803293', '13-3-2018\n', 'Sunday', '3', '2018', '3.00 AM', '419', 1),
(419, 2, ' Archana', '5122 4301 0729', '16, YasminGunj, Thiruvananthapuram - 465872\n', '6396498390', 'Shalini Bank Ltd.\n', '06160 604322 49568\n', 'Thiruvananthapuram', 390000, 'SHAL8754651', '535052558', '19-10-2017\n', 'Monday', '10', '2017', '4.56 AM', '420', 1),
(420, 2, ' Swathi', '1426 9759 0751', '84, Cyber City, Pune - 348089\n', '9040354801', 'NKGSB Co-operative Bank Ltd., Mumbai\n', '16224 644844 11668\n', 'Pune', 32000, 'NOBL9034567', '80943171', '10-9-2017\n', 'Tuesday', '9', '2017', '4.03 PM', '421', 1),
(421, 2, ' Hafeeza ', '8149 4965 2984', '52, Wahid Society, AnandGarh Nashik - 348148\n', '8925503602', 'Punjab & Sind Bank', '13222 291810 03344', 'Nashik', 669000, 'PSBK0987439', '373960696', '24-8-2018\n', 'Wednesday', '8', '2018', '2.43 PM', '422', 1),
(422, 2, ' Anbu', '2402 4919 6216', '50, Vivek Chowk, Darj- 229855', '8656423442', 'Idbi Bank', '94100 147318 64092', 'Darj', 30000, 'IDBI0002449', '897587689', '\n05-2-2018\n', 'Thursday', '2', '2018', '4.00 PM', '423', 1),
(423, 2, 'Joseph', '7523 6515 3353', '28, Preshita Chowk, Warangal - 138077\n', '7946989519', 'Thane Bharat Sahakari Bank Ltd.\n', '40672 276592 13888\n', 'Warangal', 61000, 'TBSB7698467', '203034025', '26-9-2017\n', 'Friday', '9', '2017', '6.34 AM', '424', 1),
(424, 2, ' Dhanush', '2127 3620 7845', '54, Aruna Apartments, Rachel Nagar Surat - 396695\n', '6882473846', 'South Indian Bank Limited\n', '54254 477931 34807', 'Rachel', 15000, 'SIBL1231246', '284921738\n', '25-4-2017\n', 'Saturday', '4', '2017', '5.37 PM', '425', 1),
(425, 2, ' Vadivelu', '0294 0095 6347', '71, Baalkrishan Villas, AneesGunj Guwahati - 534540\n', '7551003676', 'Indore Premier Co-operative Bank Ltd. ', '42592 376444 06710\n', 'AneesGunj', 2500000, 'IPCO9875645', '987567865', '22-12-2017\n', 'Sunday', '12', '2017', '5.00 AM', '426', 1),
(426, 2, 'Joseph', '7523 6515 3353', '28, Preshita Chowk, Warangal - 138077\n', '7946989519', 'Thane Bharat Sahakari Bank Ltd.\n', '40672 276592 13888\n', 'Warangal', 61000, 'TBSB7698467', '203034025', '26-9-2017\n', 'Monday', '9', '2017', '6.34 AM', '427', 1),
(427, 2, 'Ajith', '3383 5710 3724', '39, John Apartments, NazirGarh Noida - 144086\n', '7945816211', 'Lakshmi Vilas Bank Limited\n', '29708 19882 444351', 'NazirGarh', 550000, 'LVBL8765879', '138565834\n', '21-2-2017\n', 'Tuesday', '2', '2017', '7.00 AM', '428', 1),
(428, 2, ' Chaeralathan', '9706 9849 0412', '67, Darjeeling  Rajkot - 10', '9173308708', 'Bank of India', '60923 548969 04124', 'Rajkot', 120000, 'BOBI8743944', '377078685', '23-3-2018\n', 'Wednesday', '3', '2018', '1.24 AM', '429', 1),
(429, 2, ' Hafeeza ', '8149 4965 2984', '52, Wahid Society, AnandGarh Nashik - 348148\n', '8925503602', 'Punjab & Sind Bank', '13222 291810 03344', 'Nashik', 669000, 'PSBK0987439', '373960696', '24-8-2018\n', 'Thursday', '8', '2018', '2.43 PM', '430', 1),
(430, 2, ' Anjali', '0564 6971 7350', '92, Goregaon, Hyderabad - 299893\n', '6322525285', 'Kotak Mahindra Bank Limited\n', '76684 967860 21066', 'Hyderabad', 200000, 'KMBL3487943', '9782568', '20-2-2017\n', 'Friday', '2', '2017', '6.50 PM', '431', 1),
(431, 2, 'Albert', '1382 2770 8926', '47, Ajeet Society, Komal Nagar Alwar - 208110\n', '7088675216', 'TJSB Sahakari Bank\n', '59990 894960 20314\n', 'Komal', 16000, 'TJSB9806547', '654483924', '22-10-2017\n', 'Saturday', '10', '2017', '2.20 PM', '432', 1),
(432, 2, ' Anbu', '2402 4919 6216', '50, Vivek Chowk, Darj- 229855', '8656423442', 'Idbi Bank', '94100 147318 64092', 'Darj', 30000, 'IDBI0002449', '897587689', '\n05-2-2018\n', 'Sunday', '2', '2018', '4.00 PM', '433', 1),
(433, 2, ' Dhanush', '2127 3620 7845', '54, Aruna Apartments, Rachel Nagar Surat - 396695\n', '6882473846', 'South Indian Bank Limited\n', '54254 477931 34807', 'Rachel', 15000, 'SIBL1231246', '284921738\n', '25-4-2017\n', 'Monday', '4', '2017', '5.37 PM', '434', 1),
(434, 2, ' Eniyan ', '4130 9187 2653', '45, Bandra, Nagpur - 503460\n', '9172560012', 'CorporationBank', '35606 945728 05290\n', 'Nagpur', 77000, 'COBA2134879', '852685516\n', '18-5-2018\n', 'Tuesday', '5', '2018', '4.56 AM', '435', 1),
(435, 2, ' Farid ', '8659 7686 9003', '22, KarimGunj, Guwahati - 312551\n', '9126219575', 'Bandhan Bank Limited', '30446 068273 81810', 'Guwahati', 34000, 'BBLK8490579', '475874543', '31-10-2018\n', 'Wednesday', '10', '2018', '2.48 AM', '436', 1),
(436, 2, ' Hafeeza ', '8149 4965 2984', '52, Wahid Society, AnandGarh Nashik - 348148\n', '8925503602', 'Punjab & Sind Bank', '13222 291810 03344', 'Nashik', 669000, 'PSBK0987439', '373960696', '24-8-2018\n', 'Thursday', '8', '2018', '2.43 PM', '437', 1),
(437, 2, ' Chaeralathan', '9706 9849 0412', '67, Darjeeling  Rajkot - 10', '9173308708', 'Bank of India', '60923 548969 04124', 'Rajkot', 120000, 'BOBI8743944', '377078685', '23-3-2018\n', 'Friday', '3', '2018', '1.24 AM', '438', 1),
(438, 2, ' Eelamaran ', '8342 7731 1033', '1009, Goregaon, Rajkot - 49', '8571513469', 'Canara Bank', '91343 245436 04179\n', 'Rajkot', 1000000, 'CBOI6437872', '417634885\n', '22-3-2018\n', 'Saturday', '3', '2018', '9.46 PM', '439', 1),
(439, 2, ' Dhanush', '2127 3620 7845', '54, Aruna Apartments, Rachel Nagar Surat - 396695\n', '6882473846', 'South Indian Bank Limited\n', '54254 477931 34807', 'Rachel', 15000, 'SIBL1231246', '284921738\n', '25-4-2017\n', 'Sunday', '4', '2017', '5.37 PM', '440', 1),
(440, 2, ' Hafeeza ', '8149 4965 2984', '52, Wahid Society, AnandGarh Nashik - 348148\n', '8925503602', 'Punjab & Sind Bank', '13222 291810 03344', 'Nashik', 669000, 'PSBK0987439', '373960696', '24-8-2018\n', 'Monday', '8', '2018', '2.43 PM', '441', 1),
(441, 2, 'Albert', '1382 2770 8926', '47, Ajeet Society, Komal Nagar Alwar - 208110\n', '7088675216', 'TJSB Sahakari Bank\n', '59990 894960 20314\n', 'Komal', 16000, 'TJSB9806547', '654483924', '22-10-2017\n', 'Tuesday', '10', '2017', '2.20 PM', '442', 1),
(442, 2, ' Anbu', '2402 4919 6216', '50, Vivek Chowk, Darj- 229855', '8656423442', 'Idbi Bank', '94100 147318 64092', 'Darj', 30000, 'IDBI0002449', '897587689', '\n05-2-2018\n', 'Wednesday', '2', '2018', '4.00 PM', '443', 1),
(443, 2, ' Hafeeza ', '8149 4965 2984', '52, Wahid Society, AnandGarh Nashik - 348148\n', '8925503602', 'Punjab & Sind Bank', '13222 291810 03344', 'Nashik', 669000, 'PSBK0987439', '373960696', '24-8-2018\n', 'Thursday', '8', '2018', '2.43 PM', '444', 1),
(444, 2, ' Vadivelu', '0294 0095 6347', '71, Baalkrishan Villas, AneesGunj Guwahati - 534540\n', '7551003676', 'Indore Premier Co-operative Bank Ltd. ', '42592 376444 06710\n', 'AneesGunj', 2600000, 'IPCO9875645', '987567865', '22-12-2017\n', 'Friday', '12', '2017', '5.00 AM', '445', 1),
(445, 2, 'Joseph', '7523 6515 3353', '28, Preshita Chowk, Warangal - 138077\n', '7946989519', 'Thane Bharat Sahakari Bank Ltd.\n', '40672 276592 13888\n', 'Warangal', 61000, 'TBSB7698467', '203034025', '26-9-2017\n', 'Saturday', '9', '2017', '6.34 AM', '446', 1),
(446, 2, 'Pulikesi ', '5436 7894 8749', '71, Divya Apartments, AkankshaPur Indore - 562247', '6884837982', 'Syndicate Bank', '\n8292553611498868\n', 'Indore', 90000, 'SYBK6488399', '71091266', '26-6-2018\n', 'Sunday', '6', '2017', '5.35 AM', '447', 1),
(447, 2, ' Anjali', '0564 6971 7350', '92, Goregaon, Hyderabad - 299893\n', '6322525285', 'Kotak Mahindra Bank Limited\n', '76684 967860 21066', 'Hyderabad', 200000, 'KMBL3487943', '9782568', '20-2-2017\n', 'Monday', '2', '2018', '6.50 PM', '448', 1),
(448, 2, ' Hafeeza ', '8149 4965 2984', '52, Wahid Society, AnandGarh Nashik - 348148\n', '8925503602', 'Punjab & Sind Bank', '13222 291810 03344', 'Nashik', 669000, 'PSBK0987439', '373960696', '24-8-2018\n', 'Tuesday', '8', '2018', '2.43 PM', '449', 1),
(449, 2, 'Chezhiyan', '8791 1514 2644', '78, Goregaon, Jodhpur  - 48', '6873773425', 'Bank of Maharashtra', '46063 208849 01366\n', 'Jodhpur', 350000, 'BOFM9887564', '73803293', '13-3-2018\n', 'Wednesday', '3', '2018', '3.00 AM', '450', 1),
(450, 2, 'Aadhi', '4243 8749 9345', '86, Model Town, Panaji - 59108', '7815469500', 'State Bank of India\n ', '92888 402982 13880', 'Panaji', 50000, 'STAT0065306', '575065002', '27-1-2018\n', 'Thursday', '1', '2018', '2.00 PM', '451', 1),
(451, 2, ' Anbu', '2402 4919 6216', '50, Vivek Chowk, Darj- 229855', '8656423442', 'Idbi Bank', '94100 147318 64092', 'Darj', 30000, 'IDBI0002449', '897587689', '\n05-2-2018\n', 'Friday', '2', '2018', '4.00 PM', '452', 1),
(452, 2, 'Pulikesi ', '5436 7894 8749', '71, Divya Apartments, AkankshaPur Indore - 562247', '6884837982', 'Syndicate Bank', '\n8292553611498868\n', 'Indore', 90000, 'SYBK6488399', '71091266', '26-6-2018\n', 'Saturday', '6', '2018', '5.35 AM', '453', 1),
(453, 2, ' Farid ', '8659 7686 9003', '22, KarimGunj, Guwahati - 312551\n', '9126219575', 'Bandhan Bank Limited', '30446 068273 81810', 'Guwahati', 34000, 'BBLK8490579', '475874543', '31-10-2018\n', 'Sunday', '10', '2018', '2.48 AM', '454', 1),
(454, 2, 'Albert', '1382 2770 8926', '47, Ajeet Society, Komal Nagar Alwar - 208110\n', '7088675216', 'TJSB Sahakari Bank\n', '59990 894960 20314\n', 'Komal', 16000, 'TJSB9806547', '654483924', '22-10-2017\n', 'Monday', '10', '2017', '2.20 PM', '455', 1),
(455, 2, ' Chaeralathan', '9706 9849 0412', '67, Darjeeling  Rajkot - 10', '9173308708', 'Bank of India', '60923 548969 04124', 'Rajkot', 120000, 'BOBI8743944', '377078685', '23-3-2018\n', 'Tuesday', '3', '2018', '1.24 AM', '456', 1),
(456, 2, ' Anbu', '2402 4919 6216', '50, Vivek Chowk, Darj- 229855', '8656423442', 'Idbi Bank', '94100 147318 64092', 'Darj', 30000, 'IDBI0002449', '897587689', '\n05-2-2018\n', 'Wednesday', '2', '2018', '4.00 PM', '457', 1),
(457, 2, ' Anjali', '0564 6971 7350', '92, Goregaon, Hyderabad - 299893\n', '6322525285', 'Kotak Mahindra Bank Limited\n', '76684 967860 21066', 'Hyderabad', 200000, 'KMBL3487943', '9782568', '20-2-2017\n', 'Thursday', '2', '2017', '6.50 PM', '458', 1),
(458, 2, ' Hafeeza ', '8149 4965 2984', '52, Wahid Society, AnandGarh Nashik - 348148\n', '8925503602', 'Punjab & Sind Bank', '13222 291810 03344', 'Nashik', 669000, 'PSBK0987439', '373960696', '24-8-2018\n', 'Friday', '8', '2018', '2.43 PM', '459', 1),
(459, 2, ' Eelamaran ', '8342 7731 1033', '1009, Goregaon, Rajkot - 49', '8571513469', 'Canara Bank', '91343 245436 04179\n', 'Rajkot', 1000000, 'CBOI6437872', '417634885\n', '22-3-2018\n', 'Saturday', '3', '2018', '9.46 PM', '460', 1),
(460, 2, ' Chaeralathan', '9706 9849 0412', '67, Darjeeling  Rajkot - 10', '9173308708', 'Bank of India', '60923 548969 04124', 'Rajkot', 120000, 'BOBI8743944', '377078685', '23-3-2018\n', 'Sunday', '3', '2018', '1.24 AM', '461', 1),
(461, 2, ' Hafeeza ', '8149 4965 2984', '52, Wahid Society, AnandGarh Nashik - 348148\n', '8925503602', 'Punjab & Sind Bank', '13222 291810 03344', 'Nashik', 669000, 'PSBK0987439', '373960696', '24-8-2018\n', 'Monday', '8', '2018', '2.43 PM', '462', 1),
(462, 2, 'Aadhi', '4243 8749 9345', '86, Model Town, Panaji - 59108', '7815469500', 'State Bank of India\n ', '92888 402982 13880', 'Panaji', 50000, 'STAT0065306', '575065002', '27-1-2018\n', 'Tuesday', '1', '2018', '2.00 PM', '463', 1),
(463, 2, ' Vadivelu', '0294 0095 6347', '71, Baalkrishan Villas, AneesGunj Guwahati - 534540\n', '7551003676', 'Indore Premier Co-operative Bank Ltd. ', '42592 376444 06710\n', 'AneesGunj', 2500000, 'IPCO9875645', '987567865', '22-12-2017\n', 'Wednesday', '12', '2017', '5.00 AM', '464', 1),
(464, 2, ' Hafeeza ', '8149 4965 2984', '52, Wahid Society, AnandGarh Nashik - 348148\n', '8925503602', 'Punjab & Sind Bank', '13222 291810 03344', 'Nashik', 669000, 'PSBK0987439', '373960696', '24-8-2018\n', 'Thursday', '8', '2018', '2.43 PM', '465', 1),
(465, 2, 'Joseph', '7523 6515 3353', '28, Preshita Chowk, Warangal - 138077\n', '7946989519', 'Thane Bharat Sahakari Bank Ltd.\n', '40672 276592 13888\n', 'Warangal', 61000, 'TBSB7698467', '203034025', '26-9-2017\n', 'Friday', '9', '2017', '6.34 AM', '466', 1),
(466, 2, ' Eelamaran ', '8342 7731 1033', '1009, Goregaon, Rajkot - 49', '8571513469', 'Canara Bank', '91343 245436 04179\n', 'Rajkot', 1000000, 'CBOI6437872', '417634885\n', '22-3-2018\n', 'Saturday', '3', '2018', '9.46 PM', '467', 1),
(467, 2, 'Chezhiyan', '8791 1514 2644', '78, Goregaon, Jodhpur  - 48', '6873773425', 'Bank of Maharashtra', '46063 208849 01366\n', 'Jodhpur', 350000, 'BOFM9887564', '73803293', '13-3-2018\n', 'Sunday', '3', '2018', '3.00 AM', '468', 1),
(468, 2, ' Farid ', '8659 7686 9003', '22, KarimGunj, Guwahati - 312551\n', '9126219575', 'Bandhan Bank Limited', '30446 068273 81810', 'Guwahati', 34000, 'BBLK8490579', '475874543', '31-10-2018\n', 'Monday', '10', '2018', '2.48 AM', '469', 1),
(469, 2, ' Dhanush', '2127 3620 7845', '54, Aruna Apartments, Rachel Nagar Surat - 396695\n', '6882473846', 'South Indian Bank Limited\n', '54254 477931 34807', 'Rachel', 15000, 'SIBL1231246', '284921738\n', '25-4-2017\n', 'Tuesday', '4', '2017', '5.37 PM', '470', 1),
(470, 2, ' Anjali', '0564 6971 7350', '92, Goregaon, Hyderabad - 299893\n', '6322525285', 'Kotak Mahindra Bank Limited\n', '76684 967860 21066', 'Hyderabad', 200000, 'KMBL3487943', '9782568', '20-2-2017\n', 'Wednesday', '2', '2017', '6.50 PM', '471', 1),
(471, 2, ' Hafeeza ', '8149 4965 2984', '52, Wahid Society, AnandGarh Nashik - 348148\n', '8925503602', 'Punjab & Sind Bank', '13222 291810 03344', 'Nashik', 669000, 'PSBK0987439', '373960696', '24-8-2018\n', 'Thursday', '8', '2018', '2.43 PM', '472', 1),
(472, 2, 'Chezhiyan', '8791 1514 2644', '78, Goregaon, Jodhpur  - 48', '6873773425', 'Bank of Maharashtra', '46063 208849 01366\n', 'Jodhpur', 350000, 'BOFM9887564', '73803293', '13-3-2018\n', 'Friday', '3', '2018', '3.00 AM', '473', 1),
(473, 2, ' Hafeeza ', '8149 4965 2984', '52, Wahid Society, AnandGarh Nashik - 348148\n', '8925503602', 'Punjab & Sind Bank', '13222 291810 03344', 'Nashik', 669000, 'PSBK0987439', '373960696', '24-8-2018\n', 'Saturday', '8', '2018', '2.43 PM', '474', 1),
(474, 2, ' Chaeralathan', '9706 9849 0412', '67, Darjeeling  Rajkot - 10', '9173308708', 'Bank of India', '60923 548969 04124', 'Rajkot', 120000, 'BOBI8743944', '377078685', '23-3-2018\n', 'Sunday', '3', '2018', '1.24 AM', '475', 1),
(475, 2, ' Eelamaran ', '8342 7731 1033', '1009, Goregaon, Rajkot - 49', '8571513469', 'Canara Bank', '91343 245436 04179\n', 'Rajkot', 1000000, 'CBOI6437872', '417634885\n', '22-3-2018\n', 'Monday', '3', '2018', '9.46 PM', '476', 1),
(476, 2, 'Saravanan', '\n9827 4805 2425', '86, Rakhi Heights, Cyber City Ahmedabad - 513752\n', '8320849252', 'Jammu & Kashmir Bank Limited\n', '35588 071014 87572', 'Ahmedabad', 66000, 'JMBL0965675', '205264307', '01-2-2017\n', 'Tuesday', '2', '2017', '5.12 AM', '477', 1),
(477, 2, 'Saravanan', '\n9827 4805 2425', '86, Rakhi Heights, Cyber City Ahmedabad - 513752\n', '8320849252', 'Jammu & Kashmir Bank Limited\n', '35588 071014 87572', 'Ahmedabad', 66000, 'JMBL0965675', '205264307', '01-2-2017\n', 'Wednesday', '2', '2017', '5.12 AM', '478', 1),
(478, 2, ' Vadivelu', '0294 0095 6347', '71, Baalkrishan Villas, AneesGunj Guwahati - 534540\n', '7551003676', 'Indore Premier Co-operative Bank Ltd. ', '42592 376444 06710\n', 'AneesGunj', 2600000, 'IPCO9875645', '987567865', '22-12-2017\n', 'Thursday', '12', '2017', '5.00 AM', '479', 1),
(479, 2, 'Joseph', '7523 6515 3353', '28, Preshita Chowk, Warangal - 138077\n', '7946989519', 'Thane Bharat Sahakari Bank Ltd.\n', '40672 276592 13888\n', 'Warangal', 61000, 'TBSB7698467', '203034025', '26-9-2017\n', 'Friday', '9', '', '6.34 AM', '480', 1),
(480, 2, 'Saravanan', '\n9827 4805 2425', '86, Rakhi Heights, Cyber City Ahmedabad - 513752\n', '8320849252', 'Jammu & Kashmir Bank Limited\n', '35588 071014 87572', 'Ahmedabad', 66000, 'JMBL0965675', '205264307', '01-2-2017\n', 'Saturday', '2', '2017', '5.12 AM', '481', 1),
(481, 2, 'Saravanan', '\n9827 4805 2425', '86, Rakhi Heights, Cyber City Ahmedabad - 513752\n', '8320849252', 'Jammu & Kashmir Bank Limited\n', '35588 071014 87572', 'Ahmedabad', 66000, 'JMBL0965675', '205264307', '01-2-2017\n', 'Sunday', '2', '2017', '5.12 AM', '482', 1),
(482, 2, 'Pulikesi ', '5436 7894 8749', '71, Divya Apartments, AkankshaPur Indore - 562247', '6884837982', 'Syndicate Bank', '\n8292553611498868\n', 'Indore', 90000, 'SYBK6488399', '71091266', '26-6-2018\n', 'Monday', '6', '2018', '5.35 AM', '483', 1),
(483, 2, 'Saravanan', '\n9827 4805 2425', '86, Rakhi Heights, Cyber City Ahmedabad - 513752\n', '8320849252', 'Jammu & Kashmir Bank Limited\n', '35588 071014 87572', 'Ahmedabad', 66000, 'JMBL0965675', '205264307', '01-2-2017\n', 'Tuesday', '2', '2017', '5.12 AM', '484', 1),
(484, 2, ' Hafeeza ', '8149 4965 2984', '52, Wahid Society, AnandGarh Nashik - 348148\n', '8925503602', 'Punjab & Sind Bank', '13222 291810 03344', 'Nashik', 669000, 'PSBK0987439', '373960696', '24-8-2018\n', 'Wednesday', '8', '2018', '2.43 PM', '485', 1),
(485, 2, 'Saravanan', '\n9827 4805 2425', '86, Rakhi Heights, Cyber City Ahmedabad - 513752\n', '8320849252', 'Jammu & Kashmir Bank Limited\n', '35588 071014 87572', 'Ahmedabad', 66000, 'JMBL0965675', '205264307', '01-2-2017\n', 'Thursday', '2', '2017', '5.12 AM', '486', 1),
(486, 2, ' Eelamaran ', '8342 7731 1033', '1009, Goregaon, Rajkot - 49', '8571513469', 'Canara Bank', '91343 245436 04179\n', 'Rajkot', 1000000, 'CBOI6437872', '417634885\n', '22-3-2018\n', 'Friday', '3', '2018', '9.46 PM', '487', 1),
(487, 2, ' Farid ', '8659 7686 9003', '22, KarimGunj, Guwahati - 312551\n', '9126219575', 'Bandhan Bank Limited', '30446 068273 81810', 'Guwahati', 34000, 'BBLK8490579', '475874543', '31-10-2018\n', 'Saturday', '10', '2018', '2.48 AM', '488', 1),
(488, 2, ' Dhanush', '2127 3620 7845', '54, Aruna Apartments, Rachel Nagar Surat - 396695\n', '6882473846', 'South Indian Bank Limited\n', '54254 477931 34807', 'Rachel', 15000, 'SIBL1231246', '284921738\n', '25-4-2017\n', 'Sunday', '3', '2017', '5.37 PM', '489', 1),
(489, 2, ' Hafeeza ', '8149 4965 2984', '52, Wahid Society, AnandGarh Nashik - 348148\n', '8925503602', 'Punjab & Sind Bank', '13222 291810 03344', 'Nashik', 669000, 'PSBK0987439', '373960696', '24-8-2018\n', 'Monday', '8', '2018', '2.43 PM', '490', 1),
(490, 2, 'Saravanan', '\n9827 4805 2425', '86, Rakhi Heights, Cyber City Ahmedabad - 513752\n', '8320849252', 'Jammu & Kashmir Bank Limited\n', '35588 071014 87572', 'Ahmedabad', 66000, 'JMBL0965675', '205264307', '01-2-2017\n', 'Tuesday', '2', '2017', '5.12 AM', '491', 1),
(491, 2, ' Dhanush', '2127 3620 7845', '54, Aruna Apartments, Rachel Nagar Surat - 396695\n', '6882473846', 'South Indian Bank Limited\n', '54254 477931 34807', 'Rachel', 15000, 'SIBL1231246', '284921738\n', '25-4-2017\n', 'Wednesday', '4', '2017', '5.37 PM', '492', 1),
(492, 2, 'Aadhi', '4243 8749 9345', '86, Model Town, Panaji - 59108', '7815469500', 'State Bank of India\n ', '92888 402982 13880', 'Panaji', 50000, 'STAT0065306', '575065002', '27-1-2018\n', 'Thursday', '1', '', '2.00 PM', '493', 1),
(493, 2, ' Hafeeza ', '8149 4965 2984', '52, Wahid Society, AnandGarh Nashik - 348148\n', '8925503602', 'Punjab & Sind Bank', '13222 291810 03344', 'Nashik', 669000, 'PSBK0987439', '373960696', '24-8-2018\n', 'Friday', '8', '2018', '2.43 PM', '494', 1),
(494, 2, ' Nazira', '5535 8055 7745', '087, Valligalur, Guwahati - 76', '6087281974', ' Union Bank of India\n', '70304 373165 97831', 'Guwahati', 25000, 'UBOI8539647', '930703096', '01-7-2018\n', 'Saturday', '7', '2018', '8.07 PM', '495', 1),
(495, 2, ' Anbu', '2402 4919 6216', '50, Vivek Chowk, Darj- 229855', '8656423442', 'Idbi Bank', '94100 147318 64092', 'Darj', 30000, 'IDBI0002449', '897587689', '\n05-2-2018\n', 'Sunday', '2', '2018', '4.00 PM', '496', 1),
(496, 2, ' Farid ', '8659 7686 9003', '22, KarimGunj, Guwahati - 312551\n', '9126219575', 'Bandhan Bank Limited', '30446 068273 81810', 'Guwahati', 34000, 'BBLK8490579', '475874543', '31-10-2018\n', 'Monday', '10', '2018', '2.48 AM', '497', 1),
(497, 2, 'Joseph', '7523 6515 3353', '28, Preshita Chowk, Warangal - 138077\n', '7946989519', 'Thane Bharat Sahakari Bank Ltd.\n', '40672 276592 13888\n', 'Warangal', 61000, 'TBSB7698467', '203034025', '26-9-2017\n', 'Tuesday', '9', '2017', '6.34 AM', '498', 1),
(498, 2, ' Eelamaran ', '8342 7731 1033', '1009, Goregaon, Rajkot - 49', '8571513469', 'Canara Bank', '91343 245436 04179\n', 'Rajkot', 1000000, 'CBOI6437872', '417634885\n', '22-3-2018\n', 'Wednesday', '3', '2018', '9.46 PM', '499', 1),
(499, 2, 'Joseph', '7523 6515 3353', '28, Preshita Chowk, Warangal - 138077\n', '7946989519', 'Thane Bharat Sahakari Bank Ltd.\n', '40672 276592 13888\n', 'Warangal', 61000, 'TBSB7698467', '203034025', '26-9-2017\n', 'Thursday', '9', '2017', '6.34 AM', '500', 1),
(500, 1, 'venkat', '34545', 'jaynagar askok nagar', '7815469500', 'State Bank of India', '92888 402982 13880', 'Panaji', 50000, 'STAT0065306', 'sdfsdf', '27-01-2018', '', '', '', 'kjh', 'kh', 1),
(501, 1, 'venkat', '4325', 'jaynagar askok nagar', '7815469500', 'State Bank of Indiahgn', 'hn', 'hn', 50000, 'STAT0065306', 'oih', '27-01-2018', '', '', '', 'werqwer', 'kh', 1),
(502, 1, 'venkat', '4356', 'jaynagar askok nagar', '7815469500', 'State Bank of India', '92888 402982 13880', 'Panaji', 50000, 'STAT0065306', 'kjl', '27-01-2018', '27', '01', '2018', '2.00 PM', 'kh', 1),
(503, 1, 'venkat', '34545', 'jaynagar askok nagar', '7815469500', 'State Bank of India', '92888 402982 13880', 'Panaji', 50000, 'STAT0065306', 'sdfsdf', '27-01-2018', '27', '01', '2018', 'kjh', 'kh', 1),
(510, 7, 'kumaran', '1234 7887 3737', 'jaynagar askok nagar', '7815469500', 'Bank of Maharashtra', '122289147891', 'Panaji', 50000, 'STAT0065306', 'DFHG252', '1-11-2018', '1', '11', '2018', '10:49 AM', '109', 1),
(511, 2, 'Anbu', '2402 4919 6216', '50, Vivek Chowk, Darj- 229855', '8656423442', 'Idbi Bank', '94100 147318 64092', 'Darj', 30000, 'IDBI0002449', '897587689', '05-2-2018', '05', '2', '2018', '4.00 PM', '56', 1),
(512, 16, 'sabarish', '78975778677785', 'jhkj,h', '8765437898', 'hjh,jhb', ',lj,mjhmn', 'kjmhnmhb', 65757, 'jyjmgmh', 'jmhgmhgnf', '12-09-2018', '12', '09', '2018', '65', '687687655', 1),
(513, 16, 'venkat', 'dsfg', 'jaynagar askok nagar', '7815469500', 'State Bank of India', '92888 402982 13880', 'Panaji', 50000, 'STAT0065306', 'sdfsdf', '21-5-2018', '21', '5', '2018', '435', '4', 0),
(514, 16, 'venkat', 'dfg', 'jaynagar askok nagar', '7815469500', 'State Bank of India', '47777 994744 41320', 'Panaji', 50000, 'kjhk', 'sdfsdf', '27-01-2018', '27', '01', '2018', 'sdfsdfsd', '22', 0),
(515, 16, 'sabarish', '234356567', 'jaynagar askok nagar', '7815469500', 'State Bank of India', '92888 402982 13880', 'Panaji', 20000767, 'STAT0065306', 'sdfsdf', '27-01-2018', '27', '01', '2018', 'werqwer', 'hkjh', 0),
(516, 16, 'sabarish', '4565656565', 'jaynagar askok nagar', '7815469500', 'State Bank of India', '92888 402982 13880', 'Panaji', 5000000, 'STAT0065306', 'sdfsdf', '27-01-2018', '27', '01', '2018', 'adsf', 'fdsf', 0),
(517, 16, 'sabarish', '4565656565', 'jaynagar askok nagar', '7815469500', 'State Bank of India', '92888 402982 13880', 'Panaji', 5000000, 'STAT0065306', 'sdfsdf', '27-01-2018', '27', '01', '2018', 'adsf', 'fdsf', 0),
(518, 16, 'sabarish', '2123 12312 2312', 'Sakthi Nagar, Chennai -86', '45528855555', 'Bank of Baroda ', '123654789524', 'kusbu', 1200000, 'STAT0065306', '677dJDF', '15-9-1996', '15', '9', '1996', '2.00 PM', '123', 0),
(519, 18, 'lokesh', '2536 7632 7928', 'kannan street ch - 68', '7299318266', 'Bank of Baroda ', '1223432344672', 'panaji', 600000, 'SDTA833343', 'FDE34255', '12-9-2018', '12', '9', '2018', '6.23 PM', '12', 0);

-- --------------------------------------------------------

--
-- Table structure for table `django_admin_log`
--

CREATE TABLE IF NOT EXISTS `django_admin_log` (
  `id` int(11) NOT NULL auto_increment,
  `action_time` datetime NOT NULL,
  `object_id` longtext,
  `object_repr` varchar(200) NOT NULL,
  `action_flag` smallint(5) unsigned NOT NULL,
  `change_message` longtext NOT NULL,
  `content_type_id` int(11) default NULL,
  `user_id` int(11) NOT NULL,
  PRIMARY KEY  (`id`),
  KEY `django_admin_log_content_type_id_c4bce8eb_fk_django_co` (`content_type_id`),
  KEY `django_admin_log_user_id_c564eba6_fk_auth_user_id` (`user_id`)
) ENGINE=InnoDB DEFAULT CHARSET=latin1 AUTO_INCREMENT=1 ;

-- --------------------------------------------------------

--
-- Table structure for table `django_content_type`
--

CREATE TABLE IF NOT EXISTS `django_content_type` (
  `id` int(11) NOT NULL auto_increment,
  `app_label` varchar(100) NOT NULL,
  `model` varchar(100) NOT NULL,
  PRIMARY KEY  (`id`),
  UNIQUE KEY `django_content_type_app_label_model_76bd3d3b_uniq` (`app_label`,`model`)
) ENGINE=InnoDB  DEFAULT CHARSET=latin1 AUTO_INCREMENT=10 ;

--
-- Dumping data for table `django_content_type`
--

INSERT INTO `django_content_type` (`id`, `app_label`, `model`) VALUES
(1, 'admin', 'logentry'),
(9, 'admins', 'sendquery'),
(3, 'auth', 'group'),
(2, 'auth', 'permission'),
(4, 'auth', 'user'),
(5, 'contenttypes', 'contenttype'),
(7, 'cyber_alert', 'adminregister'),
(8, 'cyber_alert', 'givertransaction'),
(6, 'sessions', 'session');

-- --------------------------------------------------------

--
-- Table structure for table `django_migrations`
--

CREATE TABLE IF NOT EXISTS `django_migrations` (
  `id` int(11) NOT NULL auto_increment,
  `app` varchar(255) NOT NULL,
  `name` varchar(255) NOT NULL,
  `applied` datetime NOT NULL,
  PRIMARY KEY  (`id`)
) ENGINE=InnoDB  DEFAULT CHARSET=latin1 AUTO_INCREMENT=24 ;

--
-- Dumping data for table `django_migrations`
--

INSERT INTO `django_migrations` (`id`, `app`, `name`, `applied`) VALUES
(1, 'cyber_alert', '0001_initial', '2018-10-27 09:09:58'),
(2, 'contenttypes', '0001_initial', '2018-10-27 09:10:12'),
(3, 'auth', '0001_initial', '2018-10-27 09:10:15'),
(4, 'admin', '0001_initial', '2018-10-27 09:10:16'),
(5, 'admin', '0002_logentry_remove_auto_add', '2018-10-27 09:10:16'),
(6, 'contenttypes', '0002_remove_content_type_name', '2018-10-27 09:10:17'),
(7, 'auth', '0002_alter_permission_name_max_length', '2018-10-27 09:10:17'),
(8, 'auth', '0003_alter_user_email_max_length', '2018-10-27 09:10:17'),
(9, 'auth', '0004_alter_user_username_opts', '2018-10-27 09:10:17'),
(10, 'auth', '0005_alter_user_last_login_null', '2018-10-27 09:10:17'),
(11, 'auth', '0006_require_contenttypes_0002', '2018-10-27 09:10:17'),
(12, 'auth', '0007_alter_validators_add_error_messages', '2018-10-27 09:10:17'),
(13, 'auth', '0008_alter_user_username_max_length', '2018-10-27 09:10:18'),
(14, 'auth', '0009_alter_user_last_name_max_length', '2018-10-27 09:10:18'),
(15, 'sessions', '0001_initial', '2018-10-27 09:10:18'),
(16, 'cyber_alert', '0002_remove_givertransaction_giverid', '2018-10-27 09:16:26'),
(17, 'admin', '0003_logentry_add_action_flag_choices', '2018-11-02 12:07:07'),
(18, 'cyber_alert', '0002_auto_20181102_1809', '2018-11-02 12:39:51'),
(19, 'cyber_alert', '0003_auto_20181102_1811', '2018-11-02 12:41:49'),
(20, 'cyber_alert', '0004_givertransaction_countone', '2018-11-03 07:38:54'),
(21, 'cyber_alert', '0005_auto_20181103_1450', '2018-11-03 09:20:32'),
(22, 'admins', '0001_initial', '2018-11-03 10:35:56'),
(23, 'admins', '0002_sendquery_name', '2018-11-04 11:17:48');

-- --------------------------------------------------------

--
-- Table structure for table `django_session`
--

CREATE TABLE IF NOT EXISTS `django_session` (
  `session_key` varchar(40) NOT NULL,
  `session_data` longtext NOT NULL,
  `expire_date` datetime NOT NULL,
  PRIMARY KEY  (`session_key`),
  KEY `django_session_expire_date_a5c62663` (`expire_date`)
) ENGINE=InnoDB DEFAULT CHARSET=latin1;

--
-- Dumping data for table `django_session`
--

INSERT INTO `django_session` (`session_key`, `session_data`, `expire_date`) VALUES
('6ho2ta7kbl1569wgmkgi9sef5bv6gu4g', 'MGE3OTUxMTliYTk4NzcxNDU3Y2VmMDFjZGUyZmEwNjgyODJhNzFkYTp7Im5hbWUiOjJ9', '2018-11-15 08:57:52'),
('bxqzxshq9iapehy3sm2tbhs2pa7ahh5o', 'MDU3ZTlkMmJhZTFmNzZmMWU4N2VlYmRiZDMzNDY1Mjk3NjA2NTdjZjp7Im5hbWUiOjE4fQ==', '2018-11-18 12:52:00'),
('ft437xkk6ysjg6zovqfjw5v68prs5mp0', 'MGE3OTUxMTliYTk4NzcxNDU3Y2VmMDFjZGUyZmEwNjgyODJhNzFkYTp7Im5hbWUiOjJ9', '2018-11-16 12:46:03'),
('kfdakx411n5murbtc4c8c95rwqi740ah', 'MjA2OWIxOTJlOTQxMjU3NmE3NjUxYTZmN2I2MWQwYmZmNGYxNThkMzp7Im5hbWUiOjE2fQ==', '2018-11-17 11:18:34');

--
-- Constraints for dumped tables
--

--
-- Constraints for table `admins_sendquery`
--
ALTER TABLE `admins_sendquery`
  ADD CONSTRAINT `admins_sendquery_transid_id_623c1238_fk_cyber_ale` FOREIGN KEY (`transid_id`) REFERENCES `cyber_alert_givertransaction` (`id`);

--
-- Constraints for table `auth_group_permissions`
--
ALTER TABLE `auth_group_permissions`
  ADD CONSTRAINT `auth_group_permissions_group_id_b120cbf9_fk_auth_group_id` FOREIGN KEY (`group_id`) REFERENCES `auth_group` (`id`),
  ADD CONSTRAINT `auth_group_permissio_permission_id_84c5c92e_fk_auth_perm` FOREIGN KEY (`permission_id`) REFERENCES `auth_permission` (`id`);

--
-- Constraints for table `auth_permission`
--
ALTER TABLE `auth_permission`
  ADD CONSTRAINT `auth_permission_content_type_id_2f476e4b_fk_django_co` FOREIGN KEY (`content_type_id`) REFERENCES `django_content_type` (`id`);

--
-- Constraints for table `auth_user_groups`
--
ALTER TABLE `auth_user_groups`
  ADD CONSTRAINT `auth_user_groups_group_id_97559544_fk_auth_group_id` FOREIGN KEY (`group_id`) REFERENCES `auth_group` (`id`),
  ADD CONSTRAINT `auth_user_groups_user_id_6a12ed8b_fk_auth_user_id` FOREIGN KEY (`user_id`) REFERENCES `auth_user` (`id`);

--
-- Constraints for table `auth_user_user_permissions`
--
ALTER TABLE `auth_user_user_permissions`
  ADD CONSTRAINT `auth_user_user_permissions_user_id_a95ead1b_fk_auth_user_id` FOREIGN KEY (`user_id`) REFERENCES `auth_user` (`id`),
  ADD CONSTRAINT `auth_user_user_permi_permission_id_1fbb5f2c_fk_auth_perm` FOREIGN KEY (`permission_id`) REFERENCES `auth_permission` (`id`);

--
-- Constraints for table `cyber_alert_givertransaction`
--
ALTER TABLE `cyber_alert_givertransaction`
  ADD CONSTRAINT `cyber_alert_givertra_userid_id_2a576597_fk_cyber_ale` FOREIGN KEY (`userid_id`) REFERENCES `cyber_alert_adminregister` (`id`);

--
-- Constraints for table `django_admin_log`
--
ALTER TABLE `django_admin_log`
  ADD CONSTRAINT `django_admin_log_content_type_id_c4bce8eb_fk_django_co` FOREIGN KEY (`content_type_id`) REFERENCES `django_content_type` (`id`),
  ADD CONSTRAINT `django_admin_log_user_id_c564eba6_fk_auth_user_id` FOREIGN KEY (`user_id`) REFERENCES `auth_user` (`id`);

/*!40101 SET CHARACTER_SET_CLIENT=@OLD_CHARACTER_SET_CLIENT */;
/*!40101 SET CHARACTER_SET_RESULTS=@OLD_CHARACTER_SET_RESULTS */;
/*!40101 SET COLLATION_CONNECTION=@OLD_COLLATION_CONNECTION */;
